100,amg,16,20490.3,0.981551089923255,1,1,1
100,amg,16,20685.6,0.969088418532957,1,8,1
100,amg,16,22553.1,0.965340851589691,1,12,1
100,amg,16,21410.6,0.965319333245924,1,16,1
100,amg,16,12667.9,0.988918766016814,1,1,1
100,amg,16,12663.8,0.977973077910317,1,8,1
100,amg,16,12690.7,0.977203047635304,1,12,1
100,amg,16,12665.8,0.97657181528639,1,16,1
100,amg,16,8959.4,0.9951048911174,1,1,1
100,amg,16,8960.9,0.987367893943964,1,8,1
100,amg,16,8961,0.983895514386716,1,12,1
100,amg,16,8960.6,0.987229165744183,1,16,1
100,amg,16,4463.7,1,1,1,1
100,amg,16,4464.7,0.99073444082243,1,8,1
100,amg,16,4465,0.984188742606808,1,12,1
100,amg,16,4465.3,0.985705565748117,1,16,1
100,amg,31,21268.4,0.977880836922022,1,1,1
100,amg,31,22619.4,0.958584236318384,1,16,1
100,amg,31,25316.9,0.954883824691201,1,24,1
100,amg,31,25431.6,0.955246923225899,1,31,1
100,amg,31,12731.8,0.987136431161607,1,1,1
100,amg,31,12733.5,0.967556112259892,1,16,1
100,amg,31,12732.5,0.963875471129931,1,24,1
100,amg,31,12732.8,0.96831504720153,1,31,1
100,amg,31,8977.1,0.990906089618757,1,1,1
100,amg,31,8978.9,0.973963169577405,1,16,1
100,amg,31,8979,0.976273521672875,1,24,1
100,amg,31,8978.7,0.974861421670819,1,31,1
100,amg,31,4468.4,1,1,1,1
100,amg,31,4467.7,0.979605822245431,1,16,1
100,amg,31,4467.8,0.976579869132483,1,24,1
100,amg,31,4468.1,0.97799734513859,1,31,1
100,amg,4,20654.8,0.97587719296685,1,1,1
100,amg,4,20731.8,0.968313119477381,1,2,1
100,amg,4,20740.3,0.964771010659299,1,3,1
100,amg,4,20661.3,0.965375936862244,1,4,1
100,amg,4,12653.4,0.984643776797981,1,1,1
100,amg,4,12661,0.982387070049018,1,2,1
100,amg,4,12662.8,0.977184613266344,1,3,1
100,amg,4,12664.2,0.979174322452804,1,4,1
100,amg,4,8956.6,0.992968380393154,1,1,1
100,amg,4,8959.5,0.989752667032998,1,2,1
100,amg,4,8960,0.987521926894278,1,3,1
100,amg,4,8959.4,0.992022377253509,1,4,1
100,amg,4,4463.6,0.996223798433531,1,1,1
100,amg,4,4464.6,0.989428967621058,1,2,1
100,amg,4,4464.2,0.988185264291432,1,3,1
100,amg,4,4464.5,0.985577914757695,1,4,1
100,bt-mz,4,20665.7,0.98988298695599,6,1,1
100,bt-mz,4,20631.5,0.988486589570502,6,2,1
100,bt-mz,4,20759.7,0.984235638528231,6,3,1
100,bt-mz,4,21310.2,0.98184941136264,6,4,1
100,bt-mz,4,12595.3,0.992620879208108,6,1,1
100,bt-mz,4,12677.7,0.992331601783556,6,2,1
100,bt-mz,4,12653.2,0.987043421944155,6,3,1
100,bt-mz,4,12647.3,0.983496554730979,6,4,1
100,bt-mz,4,8890,0.995705735043491,6,1,1
100,bt-mz,4,8946.1,0.993964572853174,6,2,1
100,bt-mz,4,8903.2,0.989419477747361,6,3,1
100,bt-mz,4,8902.1,0.987835244367399,6,4,1
100,bt-mz,4,4443.5,0.997116909948949,6,1,1
100,bt-mz,4,4442.3,0.993549963028943,6,2,1
100,bt-mz,4,4444.2,0.989512070054134,6,3,1
100,bt-mz,4,4443.7,0.991114419686062,6,4,1
100,bt-mz,16,21381.3,0.988827049408703,6,1,1
100,bt-mz,16,23594.7,0.968290783987685,6,8,1
100,bt-mz,16,23283.1,0.966598967734587,6,12,1
100,bt-mz,16,24056.8,0.963728162588888,6,16,1
100,bt-mz,16,12742,0.986007755008292,6,1,1
100,bt-mz,16,12746.3,0.975108346128005,6,8,1
100,bt-mz,16,12746.8,0.969866678454845,6,12,1
100,bt-mz,16,12738.7,0.96869128574563,6,16,1
100,bt-mz,16,8957.2,0.992608480378193,6,1,1
100,bt-mz,16,8971,0.979457860151252,6,8,1
100,bt-mz,16,8979.9,0.975443602315807,6,12,1
100,bt-mz,16,8979.5,0.975123083795291,6,16,1
100,bt-mz,16,4465.7,0.995051141445131,6,1,1
100,bt-mz,16,4466.7,0.979560336102483,6,8,1
100,bt-mz,16,4461.1,0.976497412526394,6,12,1
100,bt-mz,16,4466.1,0.975734311224814,6,16,1
100,bt-mz,31,20589.9,0.995893407337208,6,1,1
100,bt-mz,31,21914.8,0.978473267762507,6,16,1
100,bt-mz,31,23010.6,0.975526593796045,6,24,1
100,bt-mz,31,22600.3,0.972209853175776,6,31,1
100,bt-mz,31,12670.2,0.998444793171579,6,1,1
100,bt-mz,31,12672.6,0.978634801426734,6,16,1
100,bt-mz,31,12742.2,0.976598181848315,6,24,1
100,bt-mz,31,12755.8,0.971039508580315,6,31,1
100,bt-mz,31,8958.1,1,6,1,1
100,bt-mz,31,8963.1,0.983023773206486,6,16,1
100,bt-mz,31,8977,0.979689880736077,6,24,1
100,bt-mz,31,8986.8,0.975475040046688,6,31,1
100,bt-mz,31,4459.5,0.998372931316706,6,1,1
100,bt-mz,31,4460.5,0.9820891959804,6,16,1
100,bt-mz,31,4462.2,0.980587226343792,6,24,1
100,bt-mz,31,4467.2,0.9744283655239,6,31,1
100,hpccg,16,20780.4,0.847325850888426,19,1,1
100,hpccg,16,20878.2,0.835964110191883,19,8,1
100,hpccg,16,20888.4,0.830894280679328,19,12,1
100,hpccg,16,20854.6,0.824621046382496,19,16,1
100,hpccg,16,12668.1,0.880643774135156,19,1,1
100,hpccg,16,12675.1,0.869076236935405,19,8,1
100,hpccg,16,12673.3,0.863352706231759,19,12,1
100,hpccg,16,12672.5,0.864552688776365,19,16,1
100,hpccg,16,8943,0.919954358424216,19,1,1
100,hpccg,16,8960.5,0.904798727009575,19,8,1
100,hpccg,16,8962.4,0.900599546077979,19,12,1
100,hpccg,16,8959.2,0.896236551786846,19,16,1
100,hpccg,16,4457.1,0.976444604698141,19,1,1
100,hpccg,16,4459.8,0.961950275203742,19,8,1
100,hpccg,16,4459.6,0.954155038395024,19,12,1
100,hpccg,16,4462.1,0.951371532257584,19,16,1
100,hpccg,31,20588.9,0.848538500433839,19,1,1
100,hpccg,31,20899,0.831844893701153,19,16,1
100,hpccg,31,21429.6,0.816288015838417,19,24,1
100,hpccg,31,21429.4,0.813312810718525,19,31,1
100,hpccg,31,12650.3,0.878917898842044,19,1,1
100,hpccg,31,12683.2,0.863281867935794,19,16,1
100,hpccg,31,12750.8,0.852495346778838,19,24,1
100,hpccg,31,12753.1,0.851798988929773,19,31,1
100,hpccg,31,8953.4,0.916259334236592,19,1,1
100,hpccg,31,8962.9,0.898454390483563,19,16,1
100,hpccg,31,8984.4,0.887755454603658,19,24,1
100,hpccg,31,8982,0.885100872141453,19,31,1
100,hpccg,31,4458.3,0.970379038392772,19,1,1
100,hpccg,31,4462.9,0.95287400996213,19,16,1
100,hpccg,31,4466.5,0.944072517096169,19,24,1
100,hpccg,31,4466.8,0.937663784385989,19,31,1
100,hpccg,4,20209.5,0.818818242421986,19,1,1
100,hpccg,4,20405.4,0.812701449611141,19,2,1
100,hpccg,4,20373.3,0.812446307566617,19,3,1
100,hpccg,4,20394,0.811364978599184,19,4,1
100,hpccg,4,12549.3,0.849688405694623,19,1,1
100,hpccg,4,12547.7,0.846452722191662,19,2,1
100,hpccg,4,12550.1,0.844049914365083,19,3,1
100,hpccg,4,12546.4,0.844523788677403,19,4,1
100,hpccg,4,8907.1,0.884821033876606,19,1,1
100,hpccg,4,8914.4,0.882852911172559,19,2,1
100,hpccg,4,8905.1,0.880739575335588,19,3,1
100,hpccg,4,8898.2,0.881340317178014,19,4,1
100,hpccg,4,4445.4,0.940330823534415,19,1,1
100,hpccg,4,4445.3,0.937996083810119,19,2,1
100,hpccg,4,4446,0.934206516644159,19,3,1
100,hpccg,4,4448.6,0.930711031074992,19,4,1
100,hydro,16,20532.6,0.9894034222305,20,1,1
100,hydro,16,25062.7,0.977560514105573,20,8,1
100,hydro,16,22724.3,0.981593362344498,20,12,1
100,hydro,16,25702.9,0.986587960678803,20,16,1
100,hydro,16,12658.9,0.985894930494555,20,1,1
100,hydro,16,12675,0.994043435784229,20,8,1
100,hydro,16,12674.5,0.98506506233707,20,12,1
100,hydro,16,12668.4,0.979994604595605,20,16,1
100,hydro,16,8955.9,0.982515190597325,20,1,1
100,hydro,16,8961.5,0.983231169768877,20,8,1
100,hydro,16,8961.7,0.988843878034479,20,12,1
100,hydro,16,8961.9,0.988719104731482,20,16,1
100,hydro,16,4463.9,1,20,1,1
100,hydro,16,4464.8,0.979643720507534,20,8,1
100,hydro,16,4463.9,0.981131587037045,20,12,1
100,hydro,16,4464.2,0.988223496992899,20,16,1
100,hydro,28,20450.4,0.996067531208589,20,1,1
100,hydro,28,21264.6,0.988847140391302,20,14,1
100,hydro,28,25761.3,0.939497354197156,20,21,1
100,hydro,28,22661.5,0.985637737118289,20,28,1
100,hydro,28,12646.8,0.955766138894111,20,1,1
100,hydro,28,12672.1,0.957335190657591,20,14,1
100,hydro,28,12682.6,0.979633628496533,20,21,1
100,hydro,28,12677.5,0.988983598796569,20,28,1
100,hydro,28,8952,0.995230713100176,20,1,1
100,hydro,28,8960.8,0.964668941451355,20,14,1
100,hydro,28,8960.5,0.968335825806165,20,21,1
100,hydro,28,8965,0.989913294326802,20,28,1
100,hydro,28,4462,0.994956519906872,20,1,1
100,hydro,28,4464.2,0.950715723077258,20,14,1
100,hydro,28,4464.1,0.984775633183441,20,21,1
100,hydro,28,4465.1,0.987448135863882,20,28,1
100,hydro,4,21008.4,0.987922109161988,20,1,1
100,hydro,4,23628.2,0.978866515804525,20,2,1
100,hydro,4,21198.2,0.984469882556752,20,3,1
100,hydro,4,26297.4,0.971417866945366,20,4,1
100,hydro,4,12724.8,0.984223141356655,20,1,1
100,hydro,4,12732.1,0.982799577895834,20,2,1
100,hydro,4,12726,0.980115475363418,20,3,1
100,hydro,4,12723.2,0.994070243068029,20,4,1
100,hydro,4,8971.1,1,20,1,1
100,hydro,4,8972,0.984291425238737,20,2,1
100,hydro,4,8971.6,0.992117392850395,20,3,1
100,hydro,4,8974.5,0.986065025069022,20,4,1
100,hydro,4,4464.7,0.987544934326431,20,1,1
100,hydro,4,4464.7,0.983723150485576,20,2,1
100,hydro,4,4465.4,0.970308370453502,20,3,1
100,hydro,4,4465.5,0.983276449704024,20,4,1
100,lu-mz,4,20167.2,0.969159672047399,23,1,1
100,lu-mz,4,20201.8,0.967045820000884,23,2,1
100,lu-mz,4,20366.5,0.962053250875579,23,3,1
100,lu-mz,4,20371,0.959934220709773,23,4,1
100,lu-mz,4,12445.5,0.980229606992817,23,1,1
100,lu-mz,4,12506.5,0.975859642875746,23,2,1
100,lu-mz,4,12565.7,0.971926555728777,23,3,1
100,lu-mz,4,12538.4,0.968287128319934,23,4,1
100,lu-mz,4,8851.3,0.984690686813292,23,1,1
100,lu-mz,4,8894.2,0.983011554420231,23,2,1
100,lu-mz,4,8877.6,0.97964467966148,23,3,1
100,lu-mz,4,8891.4,0.976879211616264,23,4,1
100,lu-mz,4,4418.5,0.988720026925101,23,1,1
100,lu-mz,4,4419.3,0.983701296488876,23,2,1
100,lu-mz,4,4417.9,0.983378541093412,23,3,1
100,lu-mz,4,4420.5,0.976205689506109,23,4,1
100,lu-mz,16,20570.7,0.840115315272931,23,1,1
100,lu-mz,16,20787.1,0.834681512225363,23,8,1
100,lu-mz,16,20794.4,0.833504127178739,23,12,1
100,lu-mz,16,20797.8,0.830997046808432,23,16,1
100,lu-mz,16,12669.1,0.860527090639427,23,1,1
100,lu-mz,16,12669,0.853202983578328,23,8,1
100,lu-mz,16,12667.5,0.853913529468346,23,12,1
100,lu-mz,16,12671.3,0.848330454382626,23,16,1
100,lu-mz,16,8928.1,0.885934620610611,23,1,1
100,lu-mz,16,8961,0.884660026815382,23,8,1
100,lu-mz,16,8962.4,0.877054383603424,23,12,1
100,lu-mz,16,8956.9,0.877604919970163,23,16,1
100,lu-mz,16,4450.6,0.936908171828131,23,1,1
100,lu-mz,16,4457.3,0.932416028658757,23,8,1
100,lu-mz,16,4454.4,0.928407957806235,23,12,1
100,lu-mz,16,4459.5,0.925893281367712,23,16,1
100,minife,16,21288.8,0.917752160910143,27,1,1
100,minife,16,21412.7,0.896394993795627,27,8,1
100,minife,16,21703,0.91151683065198,27,12,1
100,minife,16,21407.5,0.884064764299403,27,16,1
100,minife,16,12726.5,0.93067882962497,27,1,1
100,minife,16,12751.5,0.929320214350147,27,8,1
100,minife,16,12752.9,0.928619154634724,27,12,1
100,minife,16,12754.6,0.92193385016683,27,16,1
100,minife,16,8972.4,0.954791486412029,27,1,1
100,minife,16,8983.6,0.926149266608309,27,8,1
100,minife,16,8986.6,0.942645416412858,27,12,1
100,minife,16,8986,0.926027333609131,27,16,1
100,minife,16,4466.8,0.966799182616796,27,1,1
100,minife,16,4468.9,0.969714215204566,27,8,1
100,minife,16,4469.5,0.971607104158936,27,12,1
100,minife,16,4470.4,0.951052371951028,27,16,1
100,minife,31,20650,0.906073515602149,27,1,1
100,minife,31,24907.6,0.884787036072684,27,16,1
100,minife,31,24798.3,0.873079208403393,27,24,1
100,minife,31,23335.3,0.886828897844925,27,31,1
100,minife,31,12682.6,0.906567509153296,27,1,1
100,minife,31,12684.1,0.902765960407779,27,16,1
100,minife,31,12755.5,0.898240941212911,27,24,1
100,minife,31,12766.7,0.901834579706668,27,31,1
100,minife,31,8967.2,0.934326880401681,27,1,1
100,minife,31,8969.2,0.883179474372746,27,16,1
100,minife,31,8986.7,0.915223860204529,27,24,1
100,minife,31,8989.8,0.92459414798399,27,31,1
100,minife,31,4465.2,0.949134048115297,27,1,1
100,minife,31,4466.2,0.933661704088064,27,16,1
100,minife,31,4469.8,0.916916187305165,27,24,1
100,minife,31,4470.8,0.921424040592079,27,31,1
100,minife,4,20377.6,0.899200148426862,27,1,1
100,minife,4,20412.9,0.896190928848169,27,2,1
100,minife,4,22317.1,0.891447278768253,27,3,1
100,minife,4,21416.2,0.892021885728018,27,4,1
100,minife,4,12564.1,0.925304646278395,27,1,1
100,minife,4,12566.8,0.923123767086593,27,2,1
100,minife,4,12745.5,0.921863845835806,27,3,1
100,minife,4,12756.1,0.91267530357128,27,4,1
100,minife,4,8919.3,0.95485580711528,27,1,1
100,minife,4,8920.2,0.950513829614877,27,2,1
100,minife,4,8984.9,0.948509001731888,27,3,1
100,minife,4,8985.6,0.950805087352009,27,4,1
100,minife,4,4452.1,1,27,1,1
100,minife,4,4452.9,0.996365019452951,27,2,1
100,minife,4,4464.9,0.992658039031601,27,3,1
100,minife,4,4469,0.987506756411077,27,4,1
100,sp-mz,4,20831.5,0.95536339193908,33,1,1
100,sp-mz,4,20775.3,0.955854626118299,33,2,1
100,sp-mz,4,20695.1,0.951271532762233,33,3,1
100,sp-mz,4,20815.7,0.940682255746475,33,4,1
100,sp-mz,4,12638.8,0.960402272207036,33,1,1
100,sp-mz,4,12678.2,0.96070298871528,33,2,1
100,sp-mz,4,12634.5,0.951120283408155,33,3,1
100,sp-mz,4,12668.3,0.951970782961857,33,4,1
100,sp-mz,4,8884.8,0.96986911878494,33,1,1
100,sp-mz,4,8923.5,0.967447144615253,33,2,1
100,sp-mz,4,8920.3,0.961118106351195,33,3,1
100,sp-mz,4,8891.4,0.958230209416294,33,4,1
100,sp-mz,4,4416.6,0.980746323001326,33,1,1
100,sp-mz,4,4428.6,0.974196853904137,33,2,1
100,sp-mz,4,4425,0.977461689388467,33,3,1
100,sp-mz,4,4429.2,0.972499458594118,33,4,1
100,sp-mz,16,20603.8,0.957753934806254,33,1,1
100,sp-mz,16,20754.4,0.94358631550044,33,8,1
100,sp-mz,16,21393.2,0.940958663553189,33,12,1
100,sp-mz,16,21477.6,0.935002913912363,33,16,1
100,sp-mz,16,12667.4,0.962239185108639,33,1,1
100,sp-mz,16,12664.5,0.946832902949227,33,8,1
100,sp-mz,16,12740.7,0.945002829666307,33,12,1
100,sp-mz,16,12745.3,0.941062983559177,33,16,1
100,sp-mz,16,8929.1,0.969530332970419,33,1,1
100,sp-mz,16,8949.2,0.954801077754384,33,8,1
100,sp-mz,16,8964.6,0.95024805436794,33,12,1
100,sp-mz,16,8976,0.94880915379145,33,16,1
100,sp-mz,16,4435.2,0.979240112653118,33,1,1
100,sp-mz,16,4445.9,0.964653104084954,33,8,1
100,sp-mz,16,4464.9,0.957293738376419,33,12,1
100,sp-mz,16,4457.1,0.957048864772633,33,16,1
100,sp-mz,31,20808.1,0.960168476502037,33,1,1
100,sp-mz,31,21428.3,0.947227579128144,33,16,1
100,sp-mz,31,21494,0.940586183945078,33,24,1
100,sp-mz,31,21405.8,0.932606849642028,33,31,1
100,sp-mz,31,12670.6,0.961278157003284,33,1,1
100,sp-mz,31,12749.7,0.953380478727156,33,16,1
100,sp-mz,31,12753.8,0.945318124822453,33,24,1
100,sp-mz,31,12749.8,0.938293794994585,33,31,1
100,sp-mz,31,8953.3,0.963951937123158,33,1,1
100,sp-mz,31,8976,0.958349247572883,33,16,1
100,sp-mz,31,8980.3,0.951848140012919,33,24,1
100,sp-mz,31,8979.2,0.93681224216958,33,31,1
100,sp-mz,31,4446.9,0.979224547380859,33,1,1
100,sp-mz,31,4465.6,0.967107217349919,33,16,1
100,sp-mz,31,4462.7,0.95983657570792,33,24,1
100,sp-mz,31,4463.8,0.959224803534292,33,31,1
100,streamcluster,16,21304.2,0.985899890928783,37,1,1
100,streamcluster,16,21311,0.985740873944771,37,8,1
100,streamcluster,16,23803.8,0.981927062248184,37,12,1
100,streamcluster,16,21267.7,0.974996385256285,37,16,1
100,streamcluster,16,12725.5,0.977640166461181,37,1,1
100,streamcluster,16,12736.6,0.859830211853886,37,8,1
100,streamcluster,16,12736.3,0.975771712272968,37,12,1
100,streamcluster,16,12736.1,0.845419386761346,37,16,1
100,streamcluster,16,8976.9,0.976415593660047,37,1,1
100,streamcluster,16,8979.7,0.975574179100557,37,8,1
100,streamcluster,16,8979.1,0.875008803742393,37,12,1
100,streamcluster,16,8981.1,0.956318180896789,37,16,1
100,streamcluster,16,4467.3,0.973393286218242,37,1,1
100,streamcluster,16,4468.4,0.965490198996289,37,8,1
100,streamcluster,16,4468.4,0.960304165028807,37,12,1
100,streamcluster,16,4468.5,0.805866397075232,37,16,1
100,streamcluster,31,20259.3,0.863209020516067,37,1,1
100,streamcluster,31,24892.3,0.972744992512131,37,16,1
100,streamcluster,31,24948.4,0.964478470341805,37,24,1
100,streamcluster,31,24326.7,0.956735850086859,37,31,1
100,streamcluster,31,12561.7,0.936185539098467,37,1,1
100,streamcluster,31,12749.3,0.986169239459826,37,16,1
100,streamcluster,31,12755.5,0.967321329749006,37,24,1
100,streamcluster,31,12748.9,0.97387777280515,37,31,1
100,streamcluster,31,8917.5,0.863618639630234,37,1,1
100,streamcluster,31,8984.5,0.98426824220164,37,16,1
100,streamcluster,31,8985.3,0.923148478863135,37,24,1
100,streamcluster,31,8985,0.987832826311127,37,31,1
100,streamcluster,31,4454.6,0.980677024188417,37,1,1
100,streamcluster,31,4469.2,0.979942084118444,37,16,1
100,streamcluster,31,4469.9,0.954217640290848,37,24,1
100,streamcluster,31,4470.1,0.890050525602091,37,31,1
100,streamcluster,4,20642.8,0.985261522139658,37,1,1
100,streamcluster,4,20722.5,0.841451652012732,37,2,1
100,streamcluster,4,20720.7,0.960434958783285,37,3,1
100,streamcluster,4,20728.4,0.972697969408976,37,4,1
100,streamcluster,4,12671.9,0.989541480106659,37,1,1
100,streamcluster,4,12675,0.994148711879657,37,2,1
100,streamcluster,4,12670.3,0.945268814326376,37,3,1
100,streamcluster,4,12670.9,0.960286408408586,37,4,1
100,streamcluster,4,8962.3,0.982110997625348,37,1,1
100,streamcluster,4,8964.6,1,37,2,1
100,streamcluster,4,8963,0.995141464923155,37,3,1
100,streamcluster,4,8964.4,0.996032813902125,37,4,1
100,streamcluster,4,4463.8,0.979087066191452,37,1,1
100,streamcluster,4,4466.2,0.965328236876788,37,2,1
100,streamcluster,4,4465.7,0.964696118397468,37,3,1
100,streamcluster,4,4465.6,0.971755158930303,37,4,1
100,streammpi,16,21372.7,0.844893033689961,36,1,1
100,streammpi,16,21397.3,0.83793259817758,36,8,1
100,streammpi,16,21407.9,0.836182686503857,36,12,1
100,streammpi,16,21401.5,0.832306290502409,36,16,1
100,streammpi,16,12743.2,0.867658382938288,36,1,1
100,streammpi,16,12739.4,0.862750447994035,36,8,1
100,streammpi,16,12742.1,0.85769349877613,36,12,1
100,streammpi,16,12747.2,0.857780547934927,36,16,1
100,streammpi,16,8962.2,0.901283839446277,36,1,1
100,streammpi,16,8978,0.894756102967947,36,8,1
100,streammpi,16,8970.1,0.892180812255283,36,12,1
100,streammpi,16,8978,0.888007656466724,36,16,1
100,streammpi,16,4461.1,0.964760694524339,36,1,1
100,streammpi,16,4467.6,0.954396044093742,36,8,1
100,streammpi,16,4469.9,0.955255862586084,36,12,1
100,streammpi,16,4469.4,0.938674736481109,36,16,1
100,streammpi,31,20368.7,0.834883025321045,36,1,1
100,streammpi,31,21412.7,0.825935236872792,36,16,1
100,streammpi,31,21443.1,0.822908146153321,36,24,1
100,streammpi,31,21453.5,0.824622492280235,36,31,1
100,streammpi,31,12551.2,0.85672553238721,36,1,1
100,streammpi,31,12748.2,0.847976023239221,36,16,1
100,streammpi,31,12760.7,0.847846476660282,36,24,1
100,streammpi,31,12764.2,0.845039265957268,36,31,1
100,streammpi,31,8909.6,0.882353866815803,36,1,1
100,streammpi,31,8979,0.87611959053065,36,16,1
100,streammpi,31,8976,0.874065226962828,36,24,1
100,streammpi,31,8981.7,0.871500306190601,36,31,1
100,streammpi,31,4449.3,0.942137085322871,36,1,1
100,streammpi,31,4469,0.932295104884539,36,16,1
100,streammpi,31,4470.9,0.933373010709,36,24,1
100,streammpi,31,4469.6,0.927477985257023,36,31,1
100,streammpi,4,20207.8,0.833450539235424,36,1,1
100,streammpi,4,20373.7,0.828055749808807,36,2,1
100,streammpi,4,20380.6,0.826314767269579,36,3,1
100,streammpi,4,20423.8,0.826698133376613,36,4,1
100,streammpi,4,12484.8,0.84837737696059,36,1,1
100,streammpi,4,12523.2,0.847798908260631,36,2,1
100,streammpi,4,12523.4,0.851839742220068,36,3,1
100,streammpi,4,12554.8,0.851164940454311,36,4,1
100,streammpi,4,8856.2,0.881352677288362,36,1,1
100,streammpi,4,8905.3,0.878413198392931,36,2,1
100,streammpi,4,8894.9,0.878262976273414,36,3,1
100,streammpi,4,8913.8,0.876539092580605,36,4,1
100,streammpi,4,4450.4,0.936352351907632,36,1,1
100,streammpi,4,4447.5,0.935660048931323,36,2,1
100,streammpi,4,4452.6,0.93375009404925,36,3,1
100,streammpi,4,4452.5,0.932767406529324,36,4,1
50,amg,16,17855.8,0.956989543530388,1,1,1
50,amg,16,18040.1,0.941174769056808,1,8,1
50,amg,16,18205.2,0.940056998332488,1,12,1
50,amg,16,18042.1,0.938172254754358,1,16,1
50,amg,16,13900.8,0.963832725258092,1,1,1
50,amg,16,13902.1,0.951727803809972,1,8,1
50,amg,16,13899.5,0.949594743399147,1,12,1
50,amg,16,13900.5,0.948816739997349,1,16,1
50,amg,16,9511.8,0.979572367686283,1,1,1
50,amg,16,9512.5,0.968097930280778,1,8,1
50,amg,16,9512.3,0.968648577820523,1,12,1
50,amg,16,9511.6,0.966455843791622,1,16,1
50,amg,16,4613.1,0.994638601430684,1,1,1
50,amg,16,4612.9,0.98955707702442,1,8,1
50,amg,16,4612.9,0.988973034991812,1,12,1
50,amg,16,4613.1,0.989990336317608,1,16,1
50,amg,31,17737.6,0.949362631794456,1,1,1
50,amg,31,18206.9,0.927792772155888,1,16,1
50,amg,31,18329.2,0.926090291656513,1,24,1
50,amg,31,18292.5,0.925931684694755,1,31,1
50,amg,31,13897,0.954718485494583,1,1,1
50,amg,31,13899.2,0.933192224398678,1,16,1
50,amg,31,13931.3,0.934216258905573,1,24,1
50,amg,31,13933.1,0.932957639531844,1,31,1
50,amg,31,9511.4,0.970782137863714,1,1,1
50,amg,31,9512,0.955612022753272,1,16,1
50,amg,31,9522.7,0.954580967647955,1,24,1
50,amg,31,9523.1,0.953579713032683,1,31,1
50,amg,31,4612.3,0.986856068230104,1,1,1
50,amg,31,4613.7,0.974257184792193,1,16,1
50,amg,31,4614.5,0.974286611974885,1,24,1
50,amg,31,4614.6,0.972274988655148,1,31,1
50,amg,4,17770.1,0.957141534936255,1,1,1
50,amg,4,17768.1,0.95008247241187,1,2,1
50,amg,4,17862.4,0.946899612787105,1,3,1
50,amg,4,17878,0.946271889448525,1,4,1
50,amg,4,13896.9,0.965005287789486,1,1,1
50,amg,4,13898.1,0.95768056080494,1,2,1
50,amg,4,13897.5,0.953730606638107,1,3,1
50,amg,4,13900.4,0.954558135257002,1,4,1
50,amg,4,9511.1,0.982605118084268,1,1,1
50,amg,4,9511.9,0.977140129402051,1,2,1
50,amg,4,9512.6,0.974958179423224,1,3,1
50,amg,4,9510.6,0.975932072923731,1,4,1
50,amg,4,4612.7,1,1,1,1
50,amg,4,4612.4,0.997073353878831,1,2,1
50,amg,4,4612.7,0.99649048297013,1,3,1
50,amg,4,4612.5,0.995825480185526,1,4,1
50,bt-mz,4,18034.1,0.982217870281383,6,1,1
50,bt-mz,4,18055.1,0.979628383117319,6,2,1
50,bt-mz,4,17866.8,0.975435626858078,6,3,1
50,bt-mz,4,18084.3,0.97127146493447,6,4,1
50,bt-mz,4,13787.1,0.981740056573554,6,1,1
50,bt-mz,4,13750.5,0.979743868625287,6,2,1
50,bt-mz,4,13783.2,0.975805328675637,6,3,1
50,bt-mz,4,13777.4,0.971154086304329,6,4,1
50,bt-mz,4,9474.3,0.987061506076693,6,1,1
50,bt-mz,4,9474,0.984254431812485,6,2,1
50,bt-mz,4,9476.3,0.982815896393042,6,3,1
50,bt-mz,4,9476.9,0.977196779203789,6,4,1
50,bt-mz,4,4607.6,0.996150961479571,6,1,1
50,bt-mz,4,4607.5,0.992159699963818,6,2,1
50,bt-mz,4,4608.1,0.989517546635943,6,3,1
50,bt-mz,4,4607.7,0.990015817147176,6,4,1
50,bt-mz,16,18024.2,0.975467096949792,6,1,1
50,bt-mz,16,18076,0.965810066963869,6,8,1
50,bt-mz,16,18111.8,0.964031059198253,6,12,1
50,bt-mz,16,18136.7,0.953919530648862,6,16,1
50,bt-mz,16,13845.1,0.978045769127987,6,1,1
50,bt-mz,16,13876.9,0.9662275994695,6,8,1
50,bt-mz,16,13903.5,0.964332640646849,6,12,1
50,bt-mz,16,13882.1,0.957207541170099,6,16,1
50,bt-mz,16,9494.1,0.984567757328074,6,1,1
50,bt-mz,16,9497.6,0.971684731423452,6,8,1
50,bt-mz,16,9497.5,0.971293811541402,6,12,1
50,bt-mz,16,9503.2,0.963702393420848,6,16,1
50,bt-mz,16,4610.2,0.989572758623787,6,1,1
50,bt-mz,16,4610.2,0.979752183901885,6,8,1
50,bt-mz,16,4610.3,0.97584032608777,6,12,1
50,bt-mz,16,4610.4,0.974288362977602,6,16,1
50,bt-mz,31,18595.2,0.983531962447571,6,1,1
50,bt-mz,31,18587.8,0.963495371628309,6,16,1
50,bt-mz,31,18609.3,0.95902887561003,6,24,1
50,bt-mz,31,18593.5,0.951452954101514,6,31,1
50,bt-mz,31,13900.5,0.98555834805286,6,1,1
50,bt-mz,31,13926.9,0.962347661673807,6,16,1
50,bt-mz,31,13930.2,0.951959106359755,6,24,1
50,bt-mz,31,13934.2,0.953642417806122,6,31,1
50,bt-mz,31,9513.3,0.989416505774155,6,1,1
50,bt-mz,31,9507.1,0.972035758249685,6,16,1
50,bt-mz,31,9510.6,0.957908497563984,6,24,1
50,bt-mz,31,9513.2,0.958550520217008,6,31,1
50,bt-mz,31,4609.1,0.994586558957452,6,1,1
50,bt-mz,31,4610.5,0.974495929906784,6,16,1
50,bt-mz,31,4609.8,0.971745057295178,6,24,1
50,bt-mz,31,4612.4,0.967572162343304,6,31,1
50,hpccg,16,17840,0.75090802935523,19,1,1
50,hpccg,16,17979.9,0.739846594692308,19,8,1
50,hpccg,16,17941.6,0.737612897889339,19,12,1
50,hpccg,16,17982.8,0.735424110420182,19,16,1
50,hpccg,16,13855.4,0.770032947276799,19,1,1
50,hpccg,16,13866.1,0.761447162483793,19,8,1
50,hpccg,16,13858.3,0.757636440425125,19,12,1
50,hpccg,16,13855.8,0.756114143974913,19,16,1
50,hpccg,16,9493.8,0.839188204796962,19,1,1
50,hpccg,16,9489.9,0.827650414395146,19,8,1
50,hpccg,16,9496.2,0.824495055553391,19,12,1
50,hpccg,16,9496.2,0.823630497646588,19,16,1
50,hpccg,16,4608,0.926075524608308,19,1,1
50,hpccg,16,4608.7,0.912285860999125,19,8,1
50,hpccg,16,4609.3,0.908619949447853,19,12,1
50,hpccg,16,4609.1,0.906602024104419,19,16,1
50,hpccg,31,18378.2,0.763604411715222,19,1,1
50,hpccg,31,18524.5,0.748882928632185,19,16,1
50,hpccg,31,18590.3,0.743066592535247,19,24,1
50,hpccg,31,18611.8,0.742060864112837,19,31,1
50,hpccg,31,13932.5,0.788927699708385,19,1,1
50,hpccg,31,13932.3,0.772114178924552,19,16,1
50,hpccg,31,13932.6,0.76790068499412,19,24,1
50,hpccg,31,13937.8,0.763294592830656,19,31,1
50,hpccg,31,9512.9,0.860785381906937,19,1,1
50,hpccg,31,9522.6,0.842007339812124,19,16,1
50,hpccg,31,9521.8,0.832439915863961,19,24,1
50,hpccg,31,9521.8,0.829805805081149,19,31,1
50,hpccg,31,4611.8,0.951089460093138,19,1,1
50,hpccg,31,4613.6,0.924677939094065,19,16,1
50,hpccg,31,4613.7,0.919187256379937,19,24,1
50,hpccg,31,4614.4,0.914899716395913,19,31,1
50,hpccg,4,18133.7,0.754133527193663,19,1,1
50,hpccg,4,17999.3,0.752234122553554,19,2,1
50,hpccg,4,18034.6,0.749822954158152,19,3,1
50,hpccg,4,18027.8,0.748284192921241,19,4,1
50,hpccg,4,13887.1,0.777697723876496,19,1,1
50,hpccg,4,13894.4,0.774543371853559,19,2,1
50,hpccg,4,13893.9,0.773294618898453,19,3,1
50,hpccg,4,13893.9,0.770483975727797,19,4,1
50,hpccg,4,9507.9,0.847612339841431,19,1,1
50,hpccg,4,9505.9,0.844107065339382,19,2,1
50,hpccg,4,9509.1,0.843325681675316,19,3,1
50,hpccg,4,9504.6,0.838733994011689,19,4,1
50,hpccg,4,4611,0.934894147132689,19,1,1
50,hpccg,4,4611.2,0.930722791517726,19,2,1
50,hpccg,4,4611.4,0.929603249202137,19,3,1
50,hpccg,4,4611.1,0.926858935124666,19,4,1
50,hydro,16,17752.1,0.953011697629312,20,1,1
50,hydro,16,19731.6,0.957121285911106,20,8,1
50,hydro,16,18559.2,0.945724215476157,20,12,1
50,hydro,16,19395,0.957407631172623,20,16,1
50,hydro,16,13894.7,0.949955194687967,20,1,1
50,hydro,16,13929.7,0.95843224804615,20,8,1
50,hydro,16,13931.1,0.951653056162365,20,12,1
50,hydro,16,13931.4,0.953406486825596,20,16,1
50,hydro,16,9512.1,0.955692449336617,20,1,1
50,hydro,16,9523.5,0.954988507756888,20,8,1
50,hydro,16,9524,0.95379733296599,20,12,1
50,hydro,16,9523.5,0.953020325924262,20,16,1
50,hydro,16,4610.6,0.952898779951984,20,1,1
50,hydro,16,4614.7,0.94975599268659,20,8,1
50,hydro,16,4614.7,0.958047993882153,20,12,1
50,hydro,16,4615,0.956636531444245,20,16,1
50,hydro,28,18303.1,0.994185337602093,20,1,1
50,hydro,28,18724.2,0.983773432450952,20,14,1
50,hydro,28,18265.8,0.987037056311817,20,21,1
50,hydro,28,18632.1,0.979069447851882,20,28,1
50,hydro,28,13895.4,0.997816190485826,20,1,1
50,hydro,28,13898.2,0.987204878643831,20,14,1
50,hydro,28,13901.3,0.989701250952158,20,21,1
50,hydro,28,13899.6,0.985180733565004,20,28,1
50,hydro,28,9507.7,0.99499426909187,20,1,1
50,hydro,28,9511.9,0.971900689954208,20,14,1
50,hydro,28,9512.3,0.99127167823984,20,21,1
50,hydro,28,9516.3,0.997368288765939,20,28,1
50,hydro,28,4611.4,0.990124875583433,20,1,1
50,hydro,28,4612.5,1,20,14,1
50,hydro,28,4612.8,0.99389751623115,20,21,1
50,hydro,28,4613,0.99069276566392,20,28,1
50,hydro,4,18591.9,0.934696203354765,20,1,1
50,hydro,4,18181.8,0.939828439153279,20,2,1
50,hydro,4,18358.4,0.927869346344364,20,3,1
50,hydro,4,18366.5,0.920482818769212,20,4,1
50,hydro,4,13926.2,0.936428129174201,20,1,1
50,hydro,4,13924.6,0.938166621586828,20,2,1
50,hydro,4,13925.9,0.939444496055643,20,3,1
50,hydro,4,13927.4,0.930676298024951,20,4,1
50,hydro,4,9519.8,0.926024610307983,20,1,1
50,hydro,4,9520.9,0.935826311540314,20,2,1
50,hydro,4,9521.6,0.936881358807914,20,3,1
50,hydro,4,9522.9,0.937578266271382,20,4,1
50,hydro,4,4614.3,0.933024451673922,20,1,1
50,hydro,4,4614.1,0.942702979922874,20,2,1
50,hydro,4,4613.9,0.942220633819008,20,3,1
50,hydro,4,4615.4,0.940440035205491,20,4,1
50,lu-mz,4,18153.3,0.96435785457957,23,1,1
50,lu-mz,4,18218.7,0.959570281907115,23,2,1
50,lu-mz,4,18276.9,0.946995367036242,23,3,1
50,lu-mz,4,18283.7,0.941241010048227,23,4,1
50,lu-mz,4,13678.8,0.972073895678035,23,1,1
50,lu-mz,4,13746.9,0.964445618861977,23,2,1
50,lu-mz,4,13792,0.95020805806984,23,3,1
50,lu-mz,4,13749.6,0.950556438839886,23,4,1
50,lu-mz,4,9467.3,0.985388861398699,23,1,1
50,lu-mz,4,9465,0.98488508783022,23,2,1
50,lu-mz,4,9468.1,0.967686659606483,23,3,1
50,lu-mz,4,9470.5,0.970640893755258,23,4,1
50,lu-mz,4,4604.3,1,23,1,1
50,lu-mz,4,4607.1,0.997777660842339,23,2,1
50,lu-mz,4,4604.3,0.985979964072433,23,3,1
50,lu-mz,4,4604.3,0.989286161900922,23,4,1
50,lu-mz,16,18382.6,0.77260135091236,23,1,1
50,lu-mz,16,18552.7,0.75670226016033,23,8,1
50,lu-mz,16,18575.4,0.756631545653843,23,12,1
50,lu-mz,16,18530.3,0.756992668235181,23,16,1
50,lu-mz,16,13930.4,0.788421413222791,23,1,1
50,lu-mz,16,13912.1,0.769229610005078,23,8,1
50,lu-mz,16,13914,0.768324862459083,23,12,1
50,lu-mz,16,13935.1,0.768621610014977,23,16,1
50,lu-mz,16,9471.9,0.8502359114671,23,1,1
50,lu-mz,16,9479,0.824293370520717,23,8,1
50,lu-mz,16,9516.2,0.823407019491984,23,12,1
50,lu-mz,16,9493.8,0.82320876074479,23,16,1
50,lu-mz,16,4590.1,0.942110671107313,23,1,1
50,lu-mz,16,4591.1,0.911130908789536,23,8,1
50,lu-mz,16,4595.3,0.910493380209673,23,12,1
50,lu-mz,16,4602.1,0.910525721473253,23,16,1
50,minife,16,18049,0.905019840188999,27,1,1
50,minife,16,18171.8,0.871428667386174,27,8,1
50,minife,16,18537.4,0.865855476608996,27,12,1
50,minife,16,18896.5,0.88715982048201,27,16,1
50,minife,16,13911.9,0.899092816242119,27,1,1
50,minife,16,13910.7,0.879748829383499,27,8,1
50,minife,16,13940.9,0.884372915151051,27,12,1
50,minife,16,13940.8,0.880998992975666,27,16,1
50,minife,16,9514.4,0.957483740355914,27,1,1
50,minife,16,9515.7,0.897106250706543,27,8,1
50,minife,16,9524.8,0.916915985455034,27,12,1
50,minife,16,9526.2,0.916831875408065,27,16,1
50,minife,16,4611.7,1,27,1,1
50,minife,16,4613.5,0.972810387659282,27,8,1
50,minife,16,4615,0.928069878058708,27,12,1
50,minife,16,4614.9,0.944558993670315,27,16,1
50,minife,31,18037,0.851994640687441,27,1,1
50,minife,31,18608.8,0.856821028314583,27,16,1
50,minife,31,18604.4,0.848881923939436,27,24,1
50,minife,31,18612,0.845427862201433,27,31,1
50,minife,31,13908.5,0.85259119350031,27,1,1
50,minife,31,13940.8,0.857860714954742,27,16,1
50,minife,31,13942.6,0.872122308262502,27,24,1
50,minife,31,13940.8,0.834370653194029,27,31,1
50,minife,31,9513.4,0.899467386379495,27,1,1
50,minife,31,9525,0.905609244948032,27,16,1
50,minife,31,9524.9,0.894158808342473,27,24,1
50,minife,31,9527.5,0.874593481040486,27,31,1
50,minife,31,4611,0.936474349712526,27,1,1
50,minife,31,4614.7,0.941039649872275,27,16,1
50,minife,31,4615.1,0.93416410209891,27,24,1
50,minife,31,4615.6,0.914258462843117,27,31,1
50,minife,4,18036,0.831950389381203,27,1,1
50,minife,4,18226.3,0.827657371762336,27,2,1
50,minife,4,18144.8,0.826816683534415,27,3,1
50,minife,4,18139.8,0.823807078408697,27,4,1
50,minife,4,13886.9,0.852254730093742,27,1,1
50,minife,4,13903.7,0.846922100934725,27,2,1
50,minife,4,13898.2,0.846579014935321,27,3,1
50,minife,4,13901.3,0.843891533994834,27,4,1
50,minife,4,9511.5,0.908682364691435,27,1,1
50,minife,4,9509,0.904825780903607,27,2,1
50,minife,4,9512.9,0.903132729862894,27,3,1
50,minife,4,9509.3,0.902135617808343,27,4,1
50,minife,4,4611.2,0.977554515920273,27,1,1
50,minife,4,4612.9,0.97336255878406,27,2,1
50,minife,4,4612.5,0.971559664739527,27,3,1
50,minife,4,4612.2,0.971828366472662,27,4,1
50,sp-mz,4,18401.1,0.938713190409815,33,1,1
50,sp-mz,4,18268.8,0.935513765567323,33,2,1
50,sp-mz,4,18311.5,0.93129891189928,33,3,1
50,sp-mz,4,18339.3,0.929845872703058,33,4,1
50,sp-mz,4,13801.2,0.944515470932843,33,1,1
50,sp-mz,4,13828.4,0.940220575762822,33,2,1
50,sp-mz,4,13823.7,0.934500673920814,33,3,1
50,sp-mz,4,13821.6,0.932916685441732,33,4,1
50,sp-mz,4,9422.7,0.960654292826188,33,1,1
50,sp-mz,4,9431.7,0.955586506092566,33,2,1
50,sp-mz,4,9431.3,0.953989601442987,33,3,1
50,sp-mz,4,9429.1,0.950666190100014,33,4,1
50,sp-mz,4,4595.8,0.985710156059457,33,1,1
50,sp-mz,4,4596.7,0.981326828073073,33,2,1
50,sp-mz,4,4597.3,0.979716450873478,33,3,1
50,sp-mz,4,4597.2,0.977860630890345,33,4,1
50,sp-mz,16,17999.4,0.939559863925077,33,1,1
50,sp-mz,16,18092,0.923372633443525,33,8,1
50,sp-mz,16,18085,0.913859608513327,33,12,1
50,sp-mz,16,18063.1,0.908937095505626,33,16,1
50,sp-mz,16,13848.5,0.94459763603116,33,1,1
50,sp-mz,16,13865.8,0.927617446637126,33,8,1
50,sp-mz,16,13859.2,0.919118020026565,33,12,1
50,sp-mz,16,13881.5,0.913236228880901,33,16,1
50,sp-mz,16,9506.8,0.959012177636017,33,1,1
50,sp-mz,16,9474,0.937391714222018,33,8,1
50,sp-mz,16,9455,0.934115517596618,33,12,1
50,sp-mz,16,9487.7,0.925589569653211,33,16,1
50,sp-mz,16,4597.6,0.977007121130605,33,1,1
50,sp-mz,16,4600.4,0.960382843491989,33,8,1
50,sp-mz,16,4599.4,0.958405234373467,33,12,1
50,sp-mz,16,4600.3,0.952883892305079,33,16,1
50,sp-mz,31,18502.5,0.945031615622641,33,1,1
50,sp-mz,31,18584.3,0.924942907291004,33,16,1
50,sp-mz,31,18531.7,0.912821546873964,33,24,1
50,sp-mz,31,18523,0.910217339599034,33,31,1
50,sp-mz,31,13907.3,0.948272410417479,33,1,1
50,sp-mz,31,13921,0.925281275708339,33,16,1
50,sp-mz,31,13928.3,0.906060502564777,33,24,1
50,sp-mz,31,13926.9,0.914234694196992,33,31,1
50,sp-mz,31,9511.8,0.959564691315196,33,1,1
50,sp-mz,31,9511.2,0.939097050536039,33,16,1
50,sp-mz,31,9497,0.931859891659891,33,24,1
50,sp-mz,31,9502.8,0.917745782662069,33,31,1
50,sp-mz,31,4599.1,0.97749349980318,33,1,1
50,sp-mz,31,4601.8,0.955707736135876,33,16,1
50,sp-mz,31,4611.2,0.955672988255893,33,24,1
50,sp-mz,31,4608.1,0.953081528961294,33,31,1
50,streamcluster,16,18053.3,0.977446648118191,37,1,1
50,streamcluster,16,17881.3,0.960482095066328,37,8,1
50,streamcluster,16,17873.5,0.966003537507454,37,12,1
50,streamcluster,16,18817.3,0.959451696724256,37,16,1
50,streamcluster,16,13897.4,0.966677655363265,37,1,1
50,streamcluster,16,13903.4,0.957657939899208,37,8,1
50,streamcluster,16,13905.6,0.957929549173417,37,12,1
50,streamcluster,16,13905.1,0.97582321715977,37,16,1
50,streamcluster,16,9514.6,0.9709373678521,37,1,1
50,streamcluster,16,9514.4,0.969463854690398,37,8,1
50,streamcluster,16,9514.2,0.963911348616812,37,12,1
50,streamcluster,16,9514.9,0.880914316996005,37,16,1
50,streamcluster,16,4612,0.968923934661739,37,1,1
50,streamcluster,16,4613.2,0.974373201439854,37,8,1
50,streamcluster,16,4613.2,0.976214247543844,37,12,1
50,streamcluster,16,4613.4,1,37,16,1
50,streamcluster,31,18279.3,0.977052640107286,37,1,1
50,streamcluster,31,18281.7,0.920548610965062,37,16,1
50,streamcluster,31,18529.6,0.863586555471705,37,24,1
50,streamcluster,31,18277.8,0.960429113442082,37,31,1
50,streamcluster,31,13932.2,1,37,1,1
50,streamcluster,31,13930.8,0.963222146899266,37,16,1
50,streamcluster,31,13931.9,0.973732374007033,37,24,1
50,streamcluster,31,13930.8,0.964309728844519,37,31,1
50,streamcluster,31,9523.1,0.952867787781079,37,1,1
50,streamcluster,31,9523.1,0.960881478345409,37,16,1
50,streamcluster,31,9523,0.96969167793747,37,24,1
50,streamcluster,31,9524.3,0.946608212900999,37,31,1
50,streamcluster,31,4614.6,0.972046379116421,37,1,1
50,streamcluster,31,4614.9,0.851362574532019,37,16,1
50,streamcluster,31,4614.7,0.891285868751464,37,24,1
50,streamcluster,31,4614.7,0.966717932997833,37,31,1
50,streamcluster,4,17770.9,0.993561504516211,37,1,1
50,streamcluster,4,17773.5,0.949735638579392,37,2,1
50,streamcluster,4,17904.9,0.964312242726004,37,3,1
50,streamcluster,4,17868.9,0.947873592455405,37,4,1
50,streamcluster,4,13895.2,0.965185794866714,37,1,1
50,streamcluster,4,13901.7,0.970812444180863,37,2,1
50,streamcluster,4,13901.7,0.963767136108571,37,3,1
50,streamcluster,4,13902.9,0.959437619113453,37,4,1
50,streamcluster,4,9511.2,0.979355735652082,37,1,1
50,streamcluster,4,9510.9,0.950811529099168,37,2,1
50,streamcluster,4,9512.2,0.972723411051961,37,3,1
50,streamcluster,4,9512.8,0.980746365565128,37,4,1
50,streamcluster,4,4612,0.945481480168282,37,1,1
50,streamcluster,4,4612.8,0.954497130918062,37,2,1
50,streamcluster,4,4613.3,0.980799110471828,37,3,1
50,streamcluster,4,4613.5,0.998182891035991,37,4,1
50,streammpi,16,18003.2,0.760921869334168,36,1,1
50,streammpi,16,18143.2,0.755132194310964,36,8,1
50,streammpi,16,18154.2,0.753239622612472,36,12,1
50,streammpi,16,18496.7,0.750327670082744,36,16,1
50,streammpi,16,13875.5,0.76925493849981,36,1,1
50,streammpi,16,13889.8,0.764354935261133,36,8,1
50,streammpi,16,13885.7,0.761645680275418,36,12,1
50,streammpi,16,13922.2,0.76147513896147,36,16,1
50,streammpi,16,9493.5,0.830525085461774,36,1,1
50,streammpi,16,9501.9,0.82595366931337,36,8,1
50,streammpi,16,9497.2,0.822835270641696,36,12,1
50,streammpi,16,9510.6,0.821960525440524,36,16,1
50,streammpi,16,4596.7,0.917001666794388,36,1,1
50,streammpi,16,4601.5,0.909746408059982,36,8,1
50,streammpi,16,4599.1,0.910090799196121,36,12,1
50,streammpi,16,4601.8,0.909349334140791,36,16,1
50,streammpi,31,18516.3,0.771974178052681,36,1,1
50,streammpi,31,18601.5,0.759244920049744,36,16,1
50,streammpi,31,18575.4,0.758032009166541,36,24,1
50,streammpi,31,18588.4,0.755805786960539,36,31,1
50,streammpi,31,13928.3,0.786167609343006,36,1,1
50,streammpi,31,13933.4,0.769654253418439,36,16,1
50,streammpi,31,13919.8,0.768190211315722,36,24,1
50,streammpi,31,13935.3,0.767835416943455,36,31,1
50,streammpi,31,9519.6,0.851458164931672,36,1,1
50,streammpi,31,9519.3,0.826834326205806,36,16,1
50,streammpi,31,9515.9,0.826274685126712,36,24,1
50,streammpi,31,9517.3,0.821451826733834,36,31,1
50,streammpi,31,4598.7,0.948073470654737,36,1,1
50,streammpi,31,4609.7,0.913292342770348,36,16,1
50,streammpi,31,4604,0.917721347888805,36,24,1
50,streammpi,31,4602.2,0.917455078256418,36,31,1
50,streammpi,4,18062.2,0.767190411486429,36,1,1
50,streammpi,4,18135.8,0.761769609725062,36,2,1
50,streammpi,4,18113.4,0.749960174994525,36,3,1
50,streammpi,4,18100.8,0.747051782112224,36,4,1
50,streammpi,4,13873.6,0.777863302604298,36,1,1
50,streammpi,4,13880,0.776027849224776,36,2,1
50,streammpi,4,13865.3,0.76260554561045,36,3,1
50,streammpi,4,13872.8,0.761459809924577,36,4,1
50,streammpi,4,9497.1,0.833272206833399,36,1,1
50,streammpi,4,9497.1,0.834522080157069,36,2,1
50,streammpi,4,9505,0.821799128033209,36,3,1
50,streammpi,4,9497.2,0.819994568064158,36,4,1
50,streammpi,4,4596.3,0.922582194440025,36,1,1
50,streammpi,4,4598.6,0.923843018337584,36,2,1
50,streammpi,4,4595.9,0.911556643675259,36,3,1
50,streammpi,4,4599.8,0.908211398800246,36,4,1
50,amg,16,0,1,1,1,1
50,amg,16,0,1,1,8,1
50,amg,16,0,1,1,12,1
50,amg,16,0,1,1,16,1
50,amg,31,0,1,1,1,1
50,amg,31,0,1,1,16,1
50,amg,31,0,1,1,24,1
50,amg,31,0,1,1,31,1
50,amg,4,0,1,1,1,1
50,amg,4,0,1,1,2,1
50,amg,4,0,1,1,3,1
50,amg,4,0,1,1,4,1
50,bt-mz,4,0,1,6,1,1
50,bt-mz,4,0,1,6,2,1
50,bt-mz,4,0,1,6,3,1
50,bt-mz,4,0,1,6,4,1
50,bt-mz,16,0,1,6,1,1
50,bt-mz,16,0,1,6,8,1
50,bt-mz,16,0,1,6,12,1
50,bt-mz,16,0,1,6,16,1
50,bt-mz,31,0,1,6,1,1
50,bt-mz,31,0,1,6,16,1
50,bt-mz,31,0,1,6,24,1
50,bt-mz,31,0,1,6,31,1
50,hpccg,16,0,1,19,1,1
50,hpccg,16,0,1,19,8,1
50,hpccg,16,0,1,19,12,1
50,hpccg,16,0,1,19,16,1
50,hpccg,31,0,1,19,1,1
50,hpccg,31,0,1,19,16,1
50,hpccg,31,0,1,19,24,1
50,hpccg,31,0,1,19,31,1
50,hpccg,4,0,1,19,1,1
50,hpccg,4,0,1,19,2,1
50,hpccg,4,0,1,19,3,1
50,hpccg,4,0,1,19,4,1
50,hydro,16,0,1,20,1,1
50,hydro,16,0,1,20,8,1
50,hydro,16,0,1,20,12,1
50,hydro,16,0,1,20,16,1
50,hydro,28,0,1,20,1,1
50,hydro,28,0,1,20,14,1
50,hydro,28,0,1,20,21,1
50,hydro,28,0,1,20,28,1
50,hydro,4,0,1,20,1,1
50,hydro,4,0,1,20,2,1
50,hydro,4,0,1,20,3,1
50,hydro,4,0,1,20,4,1
50,lu-mz,4,0,1,23,1,1
50,lu-mz,4,0,1,23,2,1
50,lu-mz,4,0,1,23,3,1
50,lu-mz,4,0,1,23,4,1
50,lu-mz,16,0,1,23,1,1
50,lu-mz,16,0,1,23,8,1
50,lu-mz,16,0,1,23,12,1
50,lu-mz,16,0,1,23,16,1
50,minife,16,0,1,27,1,1
50,minife,16,0,1,27,8,1
50,minife,16,0,1,27,12,1
50,minife,16,0,1,27,16,1
50,minife,31,0,1,27,1,1
50,minife,31,0,1,27,16,1
50,minife,31,0,1,27,24,1
50,minife,31,0,1,27,31,1
50,minife,4,0,1,27,1,1
50,minife,4,0,1,27,2,1
50,minife,4,0,1,27,3,1
50,minife,4,0,1,27,4,1
50,sp-mz,4,0,1,33,1,1
50,sp-mz,4,0,1,33,2,1
50,sp-mz,4,0,1,33,3,1
50,sp-mz,4,0,1,33,4,1
50,sp-mz,16,0,1,33,1,1
50,sp-mz,16,0,1,33,8,1
50,sp-mz,16,0,1,33,12,1
50,sp-mz,16,0,1,33,16,1
50,sp-mz,31,0,1,33,1,1
50,sp-mz,31,0,1,33,16,1
50,sp-mz,31,0,1,33,24,1
50,sp-mz,31,0,1,33,31,1
50,streamcluster,16,0,1,37,1,1
50,streamcluster,16,0,1,37,8,1
50,streamcluster,16,0,1,37,12,1
50,streamcluster,16,0,1,37,16,1
50,streamcluster,31,0,1,37,1,1
50,streamcluster,31,0,1,37,16,1
50,streamcluster,31,0,1,37,24,1
50,streamcluster,31,0,1,37,31,1
50,streamcluster,4,0,1,37,1,1
50,streamcluster,4,0,1,37,2,1
50,streamcluster,4,0,1,37,3,1
50,streamcluster,4,0,1,37,4,1
50,streammpi,16,0,1,36,1,1
50,streammpi,16,0,1,36,8,1
50,streammpi,16,0,1,36,12,1
50,streammpi,16,0,1,36,16,1
50,streammpi,31,0,1,36,1,1
50,streammpi,31,0,1,36,16,1
50,streammpi,31,0,1,36,24,1
50,streammpi,31,0,1,36,31,1
50,streammpi,4,0,1,36,1,1
50,streammpi,4,0,1,36,2,1
50,streammpi,4,0,1,36,3,1
50,streammpi,4,0,1,36,4,1
100,amg,16,0,1,1,1,1
100,amg,16,0,1,1,8,1
100,amg,16,0,1,1,12,1
100,amg,16,0,1,1,16,1
100,amg,31,0,1,1,1,1
100,amg,31,0,1,1,16,1
100,amg,31,0,1,1,24,1
100,amg,31,0,1,1,31,1
100,amg,4,0,1,1,1,1
100,amg,4,0,1,1,2,1
100,amg,4,0,1,1,3,1
100,amg,4,0,1,1,4,1
100,bt-mz,4,0,1,6,1,1
100,bt-mz,4,0,1,6,2,1
100,bt-mz,4,0,1,6,3,1
100,bt-mz,4,0,1,6,4,1
100,bt-mz,16,0,1,6,1,1
100,bt-mz,16,0,1,6,8,1
100,bt-mz,16,0,1,6,12,1
100,bt-mz,16,0,1,6,16,1
100,bt-mz,31,0,1,6,1,1
100,bt-mz,31,0,1,6,16,1
100,bt-mz,31,0,1,6,24,1
100,bt-mz,31,0,1,6,31,1
100,hpccg,16,0,1,19,1,1
100,hpccg,16,0,1,19,8,1
100,hpccg,16,0,1,19,12,1
100,hpccg,16,0,1,19,16,1
100,hpccg,31,0,1,19,1,1
100,hpccg,31,0,1,19,16,1
100,hpccg,31,0,1,19,24,1
100,hpccg,31,0,1,19,31,1
100,hpccg,4,0,1,19,1,1
100,hpccg,4,0,1,19,2,1
100,hpccg,4,0,1,19,3,1
100,hpccg,4,0,1,19,4,1
100,hydro,16,0,1,20,1,1
100,hydro,16,0,1,20,8,1
100,hydro,16,0,1,20,12,1
100,hydro,16,0,1,20,16,1
100,hydro,28,0,1,20,1,1
100,hydro,28,0,1,20,14,1
100,hydro,28,0,1,20,21,1
100,hydro,28,0,1,20,28,1
100,hydro,4,0,1,20,1,1
100,hydro,4,0,1,20,2,1
100,hydro,4,0,1,20,3,1
100,hydro,4,0,1,20,4,1
100,lu-mz,4,0,1,23,1,1
100,lu-mz,4,0,1,23,2,1
100,lu-mz,4,0,1,23,3,1
100,lu-mz,4,0,1,23,4,1
100,lu-mz,16,0,1,23,1,1
100,lu-mz,16,0,1,23,8,1
100,lu-mz,16,0,1,23,12,1
100,lu-mz,16,0,1,23,16,1
100,minife,16,0,1,27,1,1
100,minife,16,0,1,27,8,1
100,minife,16,0,1,27,12,1
100,minife,16,0,1,27,16,1
100,minife,31,0,1,27,1,1
100,minife,31,0,1,27,16,1
100,minife,31,0,1,27,24,1
100,minife,31,0,1,27,31,1
100,minife,4,0,1,27,1,1
100,minife,4,0,1,27,2,1
100,minife,4,0,1,27,3,1
100,minife,4,0,1,27,4,1
100,sp-mz,4,0,1,33,1,1
100,sp-mz,4,0,1,33,2,1
100,sp-mz,4,0,1,33,3,1
100,sp-mz,4,0,1,33,4,1
100,sp-mz,16,0,1,33,1,1
100,sp-mz,16,0,1,33,8,1
100,sp-mz,16,0,1,33,12,1
100,sp-mz,16,0,1,33,16,1
100,sp-mz,31,0,1,33,1,1
100,sp-mz,31,0,1,33,16,1
100,sp-mz,31,0,1,33,24,1
100,sp-mz,31,0,1,33,31,1
100,streamcluster,16,0,1,37,1,1
100,streamcluster,16,0,1,37,8,1
100,streamcluster,16,0,1,37,12,1
100,streamcluster,16,0,1,37,16,1
100,streamcluster,31,0,1,37,1,1
100,streamcluster,31,0,1,37,16,1
100,streamcluster,31,0,1,37,24,1
100,streamcluster,31,0,1,37,31,1
100,streamcluster,4,0,1,37,1,1
100,streamcluster,4,0,1,37,2,1
100,streamcluster,4,0,1,37,3,1
100,streamcluster,4,0,1,37,4,1
100,streammpi,16,0,1,36,1,1
100,streammpi,16,0,1,36,8,1
100,streammpi,16,0,1,36,12,1
100,streammpi,16,0,1,36,16,1
100,streammpi,31,0,1,36,1,1
100,streammpi,31,0,1,36,16,1
100,streammpi,31,0,1,36,24,1
100,streammpi,31,0,1,36,31,1
100,streammpi,4,0,1,36,1,1
100,streammpi,4,0,1,36,2,1
100,streammpi,4,0,1,36,3,1
100,streammpi,4,0,1,36,4,1
100,amg2013,1,21491.82,0.957980601158447,1,1,1
100,amg2013,1,12526.42,0.955126058460508,1,1,1
100,amg2013,1,8932.46,0.997003745318352,1,1,1
100,amg2013,1,4462.08,0.982432831414231,1,1,1
100,barnes,1,20338.9,0.973189368770764,2,1,1
100,barnes,1,12541.88,0.972404799165362,2,1,1
100,barnes,1,8903.8,0.973140873378403,2,1,1
100,barnes,1,4450.98,0.948554854467739,2,1,1
100,blackscholes,1,20144.8,0.985899327758649,3,1,1
100,blackscholes,1,12541.4,0.988447022001289,3,1,1
100,blackscholes,1,8900.22,0.990909929863418,3,1,1
100,blackscholes,1,4451.78,0.983062485694667,3,1,1
100,bodytrack,1,21236.5,0.991188030936985,4,1,1
100,bodytrack,1,12547.3,0.963725459980892,4,1,1
100,bodytrack,1,8968.8875,0.994118582101415,4,1,1
100,bodytrack,1,4457.23333333333,0.995004295669329,4,1,1
100,bt-mz.A.1,1,20070.16,0.952075165607679,5,1,1
100,bt-mz.A.1,1,12548.94,0.946381777867366,5,1,1
100,bt-mz.A.1,1,8891.34,0.951893834669616,5,1,1
100,bt-mz.A.1,1,4448.84,0.949635922330097,5,1,1
100,bt-mz.B.1,1,20131.9,0.960543036915352,6,1,1
100,bt-mz.B.1,1,12525.6857142857,0.968982552685886,6,1,1
100,bt-mz.B.1,1,8892.125,0.967017193497051,6,1,1
100,bt-mz.B.1,1,4446.5,0.976339749850351,6,1,1
100,cfd,1,19886.8571428571,0.966159412578483,7,1,1
100,cfd,1,12410.14,0.980517096140139,7,1,1
100,cfd,1,8816.41818181818,0.985776330076004,7,1,1
100,cfd,1,4438.91,0.977834740651387,7,1,1
100,cg,1,19250.8857142857,0.855193197305027,8,1,1
100,cg,1,12226.1545454545,0.901937364617284,8,1,1
100,cg,1,8851.91666666667,0.969259887743114,8,1,1
100,cg,1,4454.97777777778,1,8,1,1
100,ep,1,21624.7714285714,0.984834256737722,9,1,1
100,ep,1,12558.67,0.989526819832995,9,1,1
100,ep,1,8929.01818181818,0.989713584674185,9,1,1
100,ep,1,4467.12222222222,0.988966947993776,9,1,1
100,facesim,1,21405.58,0.980744815911976,10,1,1
100,facesim,1,12494.75,0.906740819406405,10,1,1
100,facesim,1,8964.3625,1,10,1,1
100,facesim,1,4454.72857142857,0.988092337678158,10,1,1
100,ferret,1,20323.92,0.986765671566399,11,1,1
100,ferret,1,12632.2333333333,0.991574031775037,11,1,1
100,ferret,1,8841.86666666667,0.994679090608213,11,1,1
100,ferret,1,4417.86,0.985757357857422,11,1,1
100,fft,1,19980.44,0.944622083134907,12,1,1
100,fft,1,12719.4,0.972055305991482,12,1,1
100,fft,1,8882.78,0.970356997262827,12,1,1
100,fft,1,4431.38,0.948752989408951,12,1,1
100,fluidanimate,1,19896.32,0.952973132179206,13,1,1
100,fluidanimate,1,12451.5,0.961500363204121,13,1,1
100,fluidanimate,1,8844.2,0.971184631803629,13,1,1
100,fluidanimate,1,4436.83333333333,0.973001871157445,13,1,1
100,fmm,1,20499.28,0.966329726651481,14,1,1
100,fmm,1,12522.82,0.979013414106447,14,1,1
100,fmm,1,8889.78333333333,0.983054529654573,14,1,1
100,fmm,1,4445.64,0.975341639005044,14,1,1
100,freqmine,1,21454.3,0.992698191933241,15,1,1
100,freqmine,1,12509.9142857143,0.989601386481803,15,1,1
100,freqmine,1,8968.8125,0.994647494774181,15,1,1
100,freqmine,1,4460.95714285714,0.989882115614953,15,1,1
100,ft,1,19451.74,0.954212777214408,16,1,1
100,ft,1,12330.69,0.942289272030651,16,1,1
100,ft,1,8760.2,0.972871527465612,16,1,1
100,ft,1,4423.28888888889,0.976162554688557,16,1,1
100,heat,1,20171.66,0.902331583162766,17,1,1
100,heat,1,12679.84,0.951409121404477,17,1,1
100,heat,1,8877.06,0.944390889065855,17,1,1
100,heat,1,4424.32,0.997574809502024,17,1,1
100,hop,1,21993.85,0.986515614817785,18,1,1
100,hop,1,12556.5666666667,0.984295288586576,18,1,1
100,hop,1,8964.92,0.988919876385015,18,1,1
100,hop,1,4464.7125,0.988919876385015,18,1,1
100,HPCCG,1,20214.68,0.859410983770896,19,1,1
100,HPCCG,1,12519.9,0.876898749341128,19,1,1
100,HPCCG,1,8892.44,0.906437403810433,19,1,1
100,HPCCG,1,4447.34,0.928727757160529,19,1,1
100,hydro,1,21713.2,0.983097681762722,20,1,1
100,hydro,1,12514.9,0.981864449302892,20,1,1
100,hydro,1,8933.74285714286,0.986496218941304,20,1,1
100,hydro,1,4461.43333333333,0.974945727605965,20,1,1
100,kmeans,1,21058,0.995049324742456,21,1,1
100,kmeans,1,12562.0333333333,0.996209774408688,21,1,1
100,kmeans,1,8975.65714285714,0.997700562084824,21,1,1
100,kmeans,1,4457.94,0.997627737226277,21,1,1
100,lavaMD,1,20290.7,0.979014084507042,22,1,1
100,lavaMD,1,12739.16,0.983290011139993,22,1,1
100,lavaMD,1,8894.92,0.983088859255667,22,1,1
100,lavaMD,1,4452.7,0.982010831174947,22,1,1
100,lu,1,17921.4714285714,0.85385889194581,23,1,1
100,lu,1,11402.6933333333,0.866776968894772,23,1,1
100,lu,1,8369.42941176471,0.884944391140421,23,1,1
100,lu,1,4324.37857142857,0.929221120145304,23,1,1
100,lud,1,19525.7,0.971527619913617,24,1,1
100,lud,1,12434.96,0.983554681881383,24,1,1
100,lud,1,8810.66,0.994531386351737,24,1,1
100,lud,1,4431.74,0.985918200605565,24,1,1
100,lulesh,1,19783.84,0.952089103659615,25,1,1
100,lulesh,1,12576.18,0.973018549747049,25,1,1
100,lulesh,1,8842.86,0.960180672768335,25,1,1
100,lulesh,1,4427,0.962959528997265,25,1,1
100,mandel,1,20294.66,0.993137628669463,26,1,1
100,mandel,1,12740.275,0.992235569879871,26,1,1
100,mandel,1,8910.03333333333,0.992293717768401,26,1,1
100,mandel,1,4450.47142857143,0.991480267010189,26,1,1
100,miniFE,1,21390.5,0.845380564863571,27,1,1
100,miniFE,1,12546.7,0.87619488638243,27,1,1
100,miniFE,1,8962.17142857143,0.912724391000241,27,1,1
100,miniFE,1,4459.85,0.958428307825898,27,1,1
100,ocean,1,19830.16,0.812416502946955,28,1,1
100,ocean,1,12481.14,0.848106977316543,28,1,1
100,ocean,1,8708.44,0.856617281495476,28,1,1
100,ocean,1,4377.12,0.908675397732267,28,1,1
100,particlefilter,1,20369.34,0.985046401680966,29,1,1
100,particlefilter,1,12751.22,0.980972043970761,29,1,1
100,particlefilter,1,8917.6,0.981519736474792,29,1,1
100,particlefilter,1,4451.64,0.98271765966367,29,1,1
100,prk2,1,19616.82,0.929587204233186,30,1,1
100,prk2,1,12570.16,0.974796963276836,30,1,1
100,prk2,1,8813.83333333333,0.959633266707222,30,1,1
100,prk2,1,4418.28,0.970769230769231,30,1,1
100,qsort,1,20385.5,0.98344979771975,31,1,1
100,qsort,1,12565.1,0.980190906291697,31,1,1
100,qsort,1,8916.28,0.98245975001286,31,1,1
100,qsort,1,4453.2,0.981046792336535,31,1,1
100,raytrace,1,20241.76,0.98211972013475,32,1,1
100,raytrace,1,12561.6,0.977027956003666,32,1,1
100,raytrace,1,8920.55555555556,0.983025447419234,32,1,1
100,raytrace,1,4452.27142857143,0.981328576771484,32,1,1
100,sp,1,17745.8,0.826217980914114,33,1,1
100,sp,1,11233.8875,0.892355951791316,33,1,1
100,sp,1,8248.71,0.895608947804474,33,1,1
100,sp,1,4317.875,0.919173023662601,33,1,1
100,sparseLU,1,20178.18,0.987654320987654,34,1,1
100,sparseLU,1,12656.36,0.98969446588278,34,1,1
100,sparseLU,1,8884.72,0.989829277152198,34,1,1
100,sparseLU,1,4434.06,0.98969446588278,34,1,1
100,SSCA,1,20208.06,0.972350668271363,35,1,1
100,SSCA,1,12572.68,0.985025713421398,35,1,1
100,SSCA,1,8910.18,0.988839681133747,35,1,1
100,SSCA,1,4449.12,0.976166683321675,35,1,1
100,stream,1,20212.9,0.812357202835439,36,1,1
100,stream,1,12680.46,0.850680953744223,36,1,1
100,stream,1,8865.92,0.859770590058903,36,1,1
100,stream,1,4425.14,0.913482652613087,36,1,1
100,streamcluster,1,20153.6333333333,0.661046537322668,37,1,1
100,streamcluster,1,12521.7125,0.883960758820401,37,1,1
100,streamcluster,1,8880.075,0.940900798892873,37,1,1
100,streamcluster,1,4456.53333333333,0.962732919254658,37,1,1
100,svmrfe,1,20376.18,0.886310063463282,38,1,1
100,svmrfe,1,12455.4333333333,0.919107968861645,38,1,1
100,svmrfe,1,8844.65,0.94366577860149,38,1,1
100,svmrfe,1,4439.72,0.967193003284657,38,1,1
100,swaptions,1,20311.78,0.987032152725446,39,1,1
100,swaptions,1,12526.4428571429,0.987993839771191,39,1,1
100,swaptions,1,8906.9375,0.989891674014359,39,1,1
100,swaptions,1,4444.15714285714,0.989019632519507,39,1,1
100,triad,1,19420.34,0.802485710997737,40,1,1
100,triad,1,12335.22,0.848131030568394,40,1,1
100,triad,1,8626.38,0.85378462208195,40,1,1
100,triad,1,4327.12,0.914295703859097,40,1,1
100,ua,1,19809.1222222222,0.910483047659986,41,1,1
100,ua,1,11888.325,0.914981505980183,41,1,1
100,ua,1,8674.35882352941,0.948064845509351,41,1,1
100,ua,1,4390.68666666667,0.972620824245207,41,1,1
100,waternsquared,1,21388.42,0.993879200831505,42,1,1
100,waternsquared,1,12555.3,0.993030554786301,42,1,1
100,waternsquared,1,8974.06,0.995926491690969,42,1,1
100,waternsquared,1,4462.64,0.990060282545672,42,1,1
100,waterspatial,1,21164.8,0.985307701189239,43,1,1
100,waterspatial,1,12745,0.972701108483173,43,1,1
100,waterspatial,1,8973.55555555555,0.989649773860605,43,1,1
100,waterspatial,1,4465.9,0.982019562715765,43,1,1
100,xspecfem3D,1,21125.4125,0.970367443698143,44,1,1
100,xspecfem3D,1,12494.5416666667,0.963382823072548,44,1,1
100,xspecfem3D,1,8904.06153846154,0.971557419201709,44,1,1
100,xspecfem3D,1,4458.7,0.971038845507561,44,1,1
50,amg2013,1,17558.88,0.917372795459153,1,1,1
50,amg2013,1,13836.64,0.9272030651341,1,1,1
50,amg2013,1,9491.38,0.950742581624453,1,1,1
50,amg2013,1,4604.68,0.976259749150388,1,1,1
50,barnes,1,18442.28,0.969715360805972,2,1,1
50,barnes,1,13922.92,0.969509420223901,2,1,1
50,barnes,1,9517.98,0.973704256680581,2,1,1
50,barnes,1,4611.42,0.976865324888117,2,1,1
50,blackscholes,1,17617.94,0.985694614443084,3,1,1
50,blackscholes,1,13825.76,0.987186117336092,3,1,1
50,blackscholes,1,9496.68,0.990030542269348,3,1,1
50,blackscholes,1,4604.54,0.993089096701264,3,1,1
50,bodytrack,1,18190.58,0.982298521997267,4,1,1
50,bodytrack,1,13855.68,0.961030180097117,4,1,1
50,bodytrack,1,9520.64,0.993171351437192,4,1,1
50,bodytrack,1,4610.92,0.98475265713161,4,1,1
50,bt-mz.A.1,1,18055.6,0.945034042360472,5,1,1
50,bt-mz.A.1,1,13843.06,0.946927132855044,5,1,1
50,bt-mz.A.1,1,9519,0.953832088983697,5,1,1
50,bt-mz.A.1,1,4612.4,0.957233381449857,5,1,1
50,bt-mz.B.1,1,17598.46,0.968134957825679,6,1,1
50,bt-mz.B.1,1,13910.36,0.973946384235834,6,1,1
50,bt-mz.B.1,1,9491.4,0.969194683346364,6,1,1
50,bt-mz.B.1,1,4608.98,0.979121139517127,6,1,1
50,cfd,1,17917.82,0.95947884113109,7,1,1
50,cfd,1,13899.4666666667,0.983065162310241,7,1,1
50,cfd,1,9433.2,0.983150325948065,7,1,1
50,cfd,1,4587.24,0.988933185194868,7,1,1
50,cg,1,17017.78,0.813657887527883,8,1,1
50,cg,1,13879.4666666667,0.936833694303678,8,1,1
50,cg,1,9452.9,0.900515411824154,8,1,1
50,cg,1,4586.84,0.916049839624969,8,1,1
50,ep,1,18476.9,0.986461972588014,9,1,1
50,ep,1,13899.98,0.989643539597537,9,1,1
50,ep,1,9442.78333333333,0.989456801188763,9,1,1
50,ep,1,4611.74,0.989736935236523,9,1,1
50,facesim,1,18492.12,0.952975386242143,10,1,1
50,facesim,1,13851.76,0.966200119118523,10,1,1
50,facesim,1,9493.56,0.988905483251547,10,1,1
50,facesim,1,4605.9,0.999640546369518,10,1,1
50,ferret,1,18211.76,0.993405056652947,11,1,1
50,ferret,1,13865.94,0.9932945625576,11,1,1
50,ferret,1,9472.44,1,11,1,1
50,ferret,1,4588.92,0.998267340567386,11,1,1
50,fft,1,18371.56,0.958442495646581,12,1,1
50,fft,1,13843.62,0.946301292063041,12,1,1
50,fft,1,9503.38,0.963992678616511,12,1,1
50,fft,1,4590.38,0.962922600619195,12,1,1
50,fluidanimate,1,18228.68,0.946068875893437,13,1,1
50,fluidanimate,1,13861.2,0.95469149563963,13,1,1
50,fluidanimate,1,9496.32,0.971119855932769,13,1,1
50,fluidanimate,1,4607.16,0.983475261139121,13,1,1
50,fmm,1,18553.86,0.978937771390601,14,1,1
50,fmm,1,13852.9,0.969929877208562,14,1,1
50,fmm,1,9515.66,0.991951647250407,14,1,1
50,fmm,1,4610.48,0.999754510862894,14,1,1
50,freqmine,1,17904.9,0.98880685127753,15,1,1
50,freqmine,1,13925.84,0.99163245974108,15,1,1
50,freqmine,1,9496.9,0.989882115614953,15,1,1
50,freqmine,1,4606.4,0.991267294439476,15,1,1
50,ft,1,18160.44,0.939306397580394,16,1,1
50,ft,1,13785.0166666667,0.931962536333297,16,1,1
50,ft,1,9488.41666666667,0.965730349612905,16,1,1
50,ft,1,4604.2,0.992092596837039,16,1,1
50,heat,1,17488.2,0.857045191251125,17,1,1
50,heat,1,13833.58,0.873462857846078,17,1,1
50,heat,1,9508.46,0.955130987104827,17,1,1
50,heat,1,4590.56,1,17,1,1
50,hop,1,18504.3,0.986327115538223,18,1,1
50,hop,1,13857.76,0.988051009137464,18,1,1
50,hop,1,9517.6,0.991111223025206,18,1,1
50,hop,1,4612.58,0.990687138182733,18,1,1
50,HPCCG,1,17656.3,0.808482438701127,19,1,1
50,HPCCG,1,13835.3,0.824672581326574,19,1,1
50,HPCCG,1,9488.12,0.875405413162653,19,1,1
50,HPCCG,1,4591.2,0.918697758477873,19,1,1
50,hydro,1,18054.42,0.987162740417098,20,1,1
50,hydro,1,13924.38,0.983456487270769,20,1,1
50,hydro,1,9485.18,0.990926902788244,20,1,1
50,hydro,1,4611.8,0.9917511377741,20,1,1
50,kmeans,1,17525.44,0.994708352917987,21,1,1
50,kmeans,1,13860.64,0.99484411015407,21,1,1
50,kmeans,1,9497,0.996748609802789,21,1,1
50,kmeans,1,4604.88,0.996796207543238,21,1,1
50,lavaMD,1,18330.16,0.982210715961908,22,1,1
50,lavaMD,1,13862.64,0.980809933681389,22,1,1
50,lavaMD,1,9520.66,0.981660815881855,22,1,1
50,lavaMD,1,4606.02,0.983348312362692,22,1,1
50,lu,1,15910.16,0.780652083209155,23,1,1
50,lu,1,12972.13,0.82666380529186,23,1,1
50,lu,1,9240.68,0.852813627306706,23,1,1
50,lu,1,4548.025,0.924890188268859,23,1,1
50,lud,1,17542,0.961080445671062,24,1,1
50,lud,1,13771.12,0.972411831626849,24,1,1
50,lud,1,9457.28,0.98749386246137,24,1,1
50,lud,1,4588.72,0.994473531122746,24,1,1
50,lulesh,1,17160.88,0.937665046111344,25,1,1
50,lulesh,1,13719.54,0.952313586796345,25,1,1
50,lulesh,1,9455.7,0.961838423528011,25,1,1
50,lulesh,1,4602.64,0.967810364815865,25,1,1
50,mandel,1,18300.56,0.992251721387528,26,1,1
50,mandel,1,13809.24,0.990378428964146,26,1,1
50,mandel,1,9510.28,0.993225011731581,26,1,1
50,mandel,1,4610.58,0.992914386239249,26,1,1
50,miniFE,1,17919.7,0.778955364691179,27,1,1
50,miniFE,1,13920.38,0.812526838844243,27,1,1
50,miniFE,1,9469.84,0.860120787064095,27,1,1
50,miniFE,1,4604.5,0.92742822846854,27,1,1
50,ocean,1,15681.24,0.739361145416867,28,1,1
50,ocean,1,13549.22,0.765297591053979,28,1,1
50,ocean,1,9300.56,0.802421702177203,28,1,1
50,ocean,1,4556.26,0.884724005134788,28,1,1
50,particlefilter,1,18491.22,0.981057200434041,29,1,1
50,particlefilter,1,13864.66,0.98141014905376,29,1,1
50,particlefilter,1,9519.92,0.982549835434391,29,1,1
50,particlefilter,1,4610.24,0.982846687504765,29,1,1
50,prk2,1,17398.3,0.941502471257477,30,1,1
50,prk2,1,13870.08,0.952966558791801,30,1,1
50,prk2,1,9434.52,0.951998275755896,30,1,1
50,prk2,1,4588.68,0.964012901035478,30,1,1
50,qsort,1,17922.18,0.980566838298579,31,1,1
50,qsort,1,13927,0.981612608497031,31,1,1
50,qsort,1,9490.38,0.982541876989358,31,1,1
50,qsort,1,4606.52,0.981702302631579,31,1,1
50,raytrace,1,18503.92,0.984478722380784,32,1,1
50,raytrace,1,13859,0.9761891133879,32,1,1
50,raytrace,1,9515.88,0.986379803938579,32,1,1
50,raytrace,1,4611.32,0.979890835966676,32,1,1
50,sp,1,15629.82,0.748433962678858,33,1,1
50,sp,1,13073.7166666667,0.787490893953585,33,1,1
50,sp,1,9237.58333333333,0.822535762424453,33,1,1
50,sp,1,4540.38,0.912544318757387,33,1,1
50,sparseLU,1,18432.74,0.988677077506841,34,1,1
50,sparseLU,1,13847.02,0.987766198459447,34,1,1
50,sparseLU,1,9518.62,0.991230919129587,34,1,1
50,sparseLU,1,4606.32,0.990433882733032,34,1,1
50,SSCA,1,18395.02,0.986582222549525,35,1,1
50,SSCA,1,13926.48,0.991444895059353,35,1,1
50,SSCA,1,9514.6,0.994418052256532,35,1,1
50,SSCA,1,4610.24,0.999808946098918,35,1,1
50,stream,1,17643.48,0.730669091209654,36,1,1
50,stream,1,13745.58,0.749684627860876,36,1,1
50,stream,1,9446.82,0.805601072545807,36,1,1
50,stream,1,4581.16,0.888150871782707,36,1,1
50,streamcluster,1,17773.3,0.609054156244547,37,1,1
50,streamcluster,1,13831.06,0.790356671070013,37,1,1
50,streamcluster,1,9477.54,0.865896723399328,37,1,1
50,streamcluster,1,4603.92,0.958993401544092,37,1,1
50,svmrfe,1,17824.58,0.812635078969244,38,1,1
50,svmrfe,1,13841.14,0.85295486272685,38,1,1
50,svmrfe,1,9477.64,0.9110337972167,38,1,1
50,svmrfe,1,4590.92,0.955387246518446,38,1,1
50,swaptions,1,18246.2,0.989720258803898,39,1,1
50,swaptions,1,13928.62,0.990858944050433,39,1,1
50,swaptions,1,9517.84,0.990827712286453,39,1,1
50,swaptions,1,4610.56,0.989092243956159,39,1,1
50,triad,1,15755.34,0.721755397448479,40,1,1
50,triad,1,13285.68,0.738624691865242,40,1,1
50,triad,1,9270.3,0.799227584673946,40,1,1
50,triad,1,4543.72,0.887838001697587,40,1,1
50,ua,1,16233.34,0.863813626283996,41,1,1
50,ua,1,13278.71,0.864144015503085,41,1,1
50,ua,1,9364.82,0.918751863800255,41,1,1
50,ua,1,4585.875,0.964633886002989,41,1,1
50,waternsquared,1,17814.92,0.990319471814272,42,1,1
50,waternsquared,1,13842.9,0.996872466118383,42,1,1
50,waternsquared,1,9491.18,0.995978358360096,42,1,1
50,waternsquared,1,4603.32,0.99711630062566,42,1,1
50,waterspatial,1,18494.46,0.975440546118431,43,1,1
50,waterspatial,1,13857.4,0.945201306972365,43,1,1
50,waterspatial,1,9518.16,0.991057689516012,43,1,1
50,waterspatial,1,4612.34,0.984166646644722,43,1,1
50,xspecfem3D,1,18158.72,0.969712922596035,44,1,1
50,xspecfem3D,1,13916.7714285714,0.964120279500667,44,1,1
50,xspecfem3D,1,9442.14285714286,0.972673267326733,44,1,1
50,xspecfem3D,1,4594.12,0.971595854102381,44,1,1
50,amg2013,1,0,1,1,1,1
50,blackscholes,1,0,1,3,1,1
50,bt-mz.B.1,1,0,1,6,1,1
50,heat,1,0,1,17,1,1
50,HPCCG,1,0,1,19,1,1
50,hydro,1,0,1,20,1,1
50,stream,1,0,1,36,1,1
50,streamcluster,1,0,1,37,1,1
50,xspecfem3D,1,0,1,44,1,1
50,bt-mz.A.1,1,0,1,5,1,1
50,triad,1,0,1,40,1,1
50,sparseLU,1,0,1,34,1,1
50,prk2,1,0,1,30,1,1
50,cg,1,0,1,8,1,1
50,ep,1,0,1,9,1,1
50,lu,1,0,1,23,1,1
50,sp,1,0,1,33,1,1
50,ua,1,0,1,41,1,1
50,ft,1,0,1,16,1,1
50,lud,1,0,1,24,1,1
50,miniFE,1,0,1,27,1,1
50,qsort,1,0,1,31,1,1
50,mandel,1,0,1,26,1,1
50,fft,1,0,1,12,1,1
50,SSCA,1,0,1,35,1,1
50,swaptions,1,0,1,39,1,1
50,particlefilter,1,0,1,29,1,1
50,cfd,1,0,1,7,1,1
50,fluidanimate,1,0,1,13,1,1
50,hop,1,0,1,18,1,1
50,kmeans,1,0,1,21,1,1
50,lavaMD,1,0,1,22,1,1
50,svmrfe,1,0,1,38,1,1
50,lulesh,1,0,1,25,1,1
50,barnes,1,0,1,2,1,1
50,fmm,1,0,1,14,1,1
50,ocean,1,0,1,28,1,1
50,waternsquared,1,0,1,42,1,1
50,waterspatial,1,0,1,43,1,1
50,bodytrack,1,0,1,4,1,1
50,freqmine,1,0,1,15,1,1
50,ferret,1,0,1,11,1,1
50,raytrace,1,0,1,32,1,1
50,facesim,1,0,1,10,1,1
100,amg2013,1,0,1,1,1,1
100,blackscholes,1,0,1,3,1,1
100,bt-mz.B.1,1,0,1,6,1,1
100,heat,1,0,1,17,1,1
100,HPCCG,1,0,1,19,1,1
100,hydro,1,0,1,20,1,1
100,stream,1,0,1,36,1,1
100,streamcluster,1,0,1,37,1,1
100,xspecfem3D,1,0,1,44,1,1
100,bt-mz.A.1,1,0,1,5,1,1
100,triad,1,0,1,40,1,1
100,sparseLU,1,0,1,34,1,1
100,prk2,1,0,1,30,1,1
100,cg,1,0,1,8,1,1
100,ep,1,0,1,9,1,1
100,lu,1,0,1,23,1,1
100,sp,1,0,1,33,1,1
100,ua,1,0,1,41,1,1
100,ft,1,0,1,16,1,1
100,lud,1,0,1,24,1,1
100,miniFE,1,0,1,27,1,1
100,qsort,1,0,1,31,1,1
100,mandel,1,0,1,26,1,1
100,fft,1,0,1,12,1,1
100,SSCA,1,0,1,35,1,1
100,swaptions,1,0,1,39,1,1
100,particlefilter,1,0,1,29,1,1
100,cfd,1,0,1,7,1,1
100,fluidanimate,1,0,1,13,1,1
100,hop,1,0,1,18,1,1
100,kmeans,1,0,1,21,1,1
100,lavaMD,1,0,1,22,1,1
100,svmrfe,1,0,1,38,1,1
100,lulesh,1,0,1,25,1,1
100,barnes,1,0,1,2,1,1
100,fmm,1,0,1,14,1,1
100,ocean,1,0,1,28,1,1
100,waternsquared,1,0,1,42,1,1
100,waterspatial,1,0,1,43,1,1
100,bodytrack,1,0,1,4,1,1
100,freqmine,1,0,1,15,1,1
100,ferret,1,0,1,11,1,1
100,raytrace,1,0,1,32,1,1
100,facesim,1,0,1,10,1,1
100,amg,16,47905.84,0.666986962831359,1,1,0
100,amg,16,46070.4125,0.662567465357968,1,8,0
100,amg,16,45951.26875,0.658075173754323,1,12,0
100,amg,16,47029.428125,0.663094033353506,1,16,0
100,amg,31,45552.925,0.676275460030188,1,1,0
100,amg,31,45798.2765625,0.672156988176548,1,16,0
100,amg,31,46060.8635416667,0.671717257935902,1,24,0
100,amg,31,46018.7806451613,0.676581210492598,1,31,0
100,amg,4,46671.05,0.654896428993766,1,1,0
100,amg,4,45595.5625,0.652665054194676,1,2,0
100,amg,4,45941.7583333333,0.652905810940319,1,3,0
100,amg,4,45539.31875,0.659361049721534,1,4,0
100,bt-mz,4,45447.5333333333,0.897986263762431,6,1,0
100,bt-mz,4,45473.3666666667,0.900600827735491,6,2,0
100,bt-mz,4,46160.1333333333,0.895553401395322,6,3,0
100,bt-mz,4,45449.075,0.892255535301753,6,4,0
100,bt-mz,16,44193.8071428571,0.903353163784356,6,1,0
100,bt-mz,16,44771.7720720721,0.89802020669141,6,8,0
100,bt-mz,16,44794.3869047619,0.89868192587234,6,12,0
100,bt-mz,16,44924.3665158371,0.897121754330598,6,16,0
100,bt-mz,31,45161.25,0.908131658457419,6,1,0
100,bt-mz,31,45122.3416666667,0.903190453980242,6,16,0
100,bt-mz,31,45419.8208333333,0.898696875299888,6,24,0
100,bt-mz,31,45762.4975806452,0.899988101532973,6,31,0
100,hpccg,16,45451.375,0.371269727490773,19,1,0
100,hpccg,16,45487.73,0.36934745389997,19,8,0
100,hpccg,16,45524.585,0.36866954843036,19,12,0
100,hpccg,16,45556.93625,0.368503388467239,19,16,0
100,hpccg,31,45394.24,0.368728804704872,19,1,0
100,hpccg,31,45489.25375,0.356691139263011,19,16,0
100,hpccg,31,45868.2,0.356420140233294,19,24,0
100,hpccg,31,45894.095483871,0.357144395093139,19,31,0
100,hpccg,4,44519.16,0.352406612371376,19,1,0
100,hpccg,4,44297.2375,0.349170180155374,19,2,0
100,hpccg,4,44772.7384615385,0.348401946359512,19,3,0
100,hpccg,4,45032.2166666667,0.34823113834439,19,4,0
100,hydro,16,45178.2666666667,0.978808073054641,20,1,0
100,hydro,16,46263.08,0.960216048281449,20,8,0
100,hydro,16,45779.8941666667,0.966464300487812,20,12,0
100,hydro,16,46001.3417721519,0.967583009320953,20,16,0
100,hydro,28,44684.8333333333,0.954483288646056,20,1,0
100,hydro,28,45126.2488095238,0.898996439212236,20,14,0
100,hydro,28,46005.8777777778,0.883632971940342,20,21,0
100,hydro,28,46079.5303571429,0.892524545746518,20,28,0
100,hydro,4,45439.9666666667,0.905065933765895,20,1,0
100,hydro,4,46567.9571428571,0.905926134336563,20,2,0
100,hydro,4,45439.8666666667,0.892532327832884,20,3,0
100,hydro,4,45959.7,0.888239150872032,20,4,0
100,lu-mz,4,45483.9,0.747601877047335,23,1,0
100,lu-mz,4,47092.3666666667,0.744002575672692,23,2,0
100,lu-mz,4,45648.1555555556,0.742826825845144,23,3,0
100,lu-mz,4,47619.1166666667,0.742395395790855,23,4,0
100,lu-mz,16,36114.8033333333,0.419620300159373,23,1,0
100,lu-mz,16,40276.2627530364,0.417380071501178,23,8,0
100,lu-mz,16,38275.825,0.418056014526621,23,12,0
100,lu-mz,16,42176.8933467742,0.416625898701325,23,16,0
100,minife,16,45603.1285714286,0.620872433177692,27,1,0
100,minife,16,46066.0109375,0.617826228626605,27,8,0
100,minife,16,46757.7273809524,0.617571276498025,27,12,0
100,minife,16,46485.34453125,0.610051638782189,27,16,0
100,minife,31,43775.4076923077,0.602500506283405,27,1,0
100,minife,31,45138.4778846154,0.596731546091047,27,16,0
100,minife,31,45401.4554487179,0.589750255603266,27,24,0
100,minife,31,45053.7004962779,0.597195275546211,27,31,0
100,minife,4,44302.9875,0.44078207934282,27,1,0
100,minife,4,44710.96875,0.438516430001556,27,2,0
100,minife,4,43785.4916666667,0.438442075820611,27,3,0
100,minife,4,44073.125,0.43817629346757,27,4,0
100,sp-mz,4,44696.2,0.744974989659122,33,1,0
100,sp-mz,4,44637.1666666667,0.742969193838874,33,2,0
100,sp-mz,4,44709.3333333333,0.74292787569826,33,3,0
100,sp-mz,4,44916.4583333333,0.740639728162154,33,4,0
100,sp-mz,16,42506.2222222222,0.771047881196153,33,1,0
100,sp-mz,16,44423.9959459459,0.762541462705334,33,8,0
100,sp-mz,16,44245.0953703704,0.767392640865302,33,12,0
100,sp-mz,16,44664.2479166667,0.761858551693376,33,16,0
100,sp-mz,31,45347.95,0.784813109319356,33,1,0
100,sp-mz,31,45719.1510416667,0.782147723115936,33,16,0
100,sp-mz,31,45639.7298611111,0.780824225319013,33,24,0
100,sp-mz,31,45945.8731182796,0.776818010167242,33,31,0
100,streamcluster,16,43539.6071428571,0.800516853769691,37,1,0
100,streamcluster,16,45012.098245614,0.776547875858318,37,8,0
100,streamcluster,16,45409.3872222222,0.759004885398141,37,12,0
100,streamcluster,16,45295.1185654008,0.766047273455868,37,16,0
100,streamcluster,31,44806.2333333333,0.814512548615298,37,1,0
100,streamcluster,31,45440.8816666667,0.776918609475085,37,16,0
100,streamcluster,31,44776.101305483,0.753224855735272,37,24,0
100,streamcluster,31,44867.5415053763,0.792859883350491,37,31,0
100,streamcluster,4,44985.4,0.814325377969637,37,1,0
100,streamcluster,4,45159.7571428571,0.778336245559867,37,2,0
100,streamcluster,4,44452.7809523809,0.750266008899634,37,3,0
100,streamcluster,4,44531.6625,0.761471665493848,37,4,0
100,streammpi,16,45500.3666666667,0.384818660072767,36,1,0
100,streammpi,16,45490.7875,0.383501128886607,36,8,0
100,streammpi,16,45500.8055555556,0.384115059613122,36,12,0
100,streammpi,16,45809.44375,0.386674546072938,36,16,0
100,streammpi,31,44468.9,0.389188718350635,36,1,0
100,streammpi,31,45406.48125,0.387293683300733,36,16,0
100,streammpi,31,45642.6986111111,0.388002428174974,36,24,0
100,streammpi,31,46261.0731182796,0.390790799837985,36,31,0
100,streammpi,4,45489.1,0.386141441896074,36,1,0
100,streammpi,4,45469.8333333333,0.383549996393646,36,2,0
100,streammpi,4,45471.5777777778,0.384361192484376,36,3,0
100,streammpi,4,45463.7083333333,0.386160910344334,36,4,0
50,amg,16,38270.7666666667,0.592111807039674,1,1,0
50,amg,16,38279.7333333333,0.577469269866551,1,8,0
50,amg,16,38275.1222222222,0.576663711677675,1,12,0
50,amg,16,38140.1,0.576424613489253,1,16,0
50,amg,31,37773.4333333333,0.606561031130876,1,1,0
50,amg,31,37755.2979166667,0.590372636484296,1,16,0
50,amg,31,37731.7138888889,0.590339635809883,1,24,0
50,amg,31,37734.7634408602,0.589641202192865,1,31,0
50,amg,4,38270.3,0.578670659135405,1,1,0
50,amg,4,38277.45,0.569096282718226,1,2,0
50,amg,4,38478.5888888889,0.568293818602722,1,3,0
50,amg,4,38161.675,0.568485473169975,1,4,0
50,bt-mz,4,37074.9333333333,0.869722341892694,6,1,0
50,bt-mz,4,37135.6833333333,0.86836171262312,6,2,0
50,bt-mz,4,37511.8222222222,0.866212882446569,6,3,0
50,bt-mz,4,37661.425,0.864037539951158,6,4,0
50,bt-mz,16,37327.75,0.871508104812663,6,1,0
50,bt-mz,16,37539.5104166667,0.866223257215063,6,8,0
50,bt-mz,16,37350.1208333333,0.865742209367773,6,12,0
50,bt-mz,16,37336.25,0.866135840064907,6,16,0
50,bt-mz,31,37776.8,0.876976805294402,6,1,0
50,bt-mz,31,37709.5354166667,0.871003847431338,6,16,0
50,bt-mz,31,37726.4638888889,0.87130057234522,6,24,0
50,bt-mz,31,37752.0569892473,0.870100140852157,6,31,0
50,hpccg,16,37599.1333333333,0.291903469319565,19,1,0
50,hpccg,16,37721.3708333333,0.288254733675792,19,8,0
50,hpccg,16,37722.3694444444,0.287095288808258,19,12,0
50,hpccg,16,37712.5729166667,0.286733865531861,19,16,0
50,hpccg,31,37644.4666666667,0.289209849294474,19,1,0
50,hpccg,31,37694.8083333333,0.284667214487124,19,16,0
50,hpccg,31,37561.2138888889,0.280745177055687,19,24,0
50,hpccg,31,37598.8698924731,0.28071707393525,19,31,0
50,hpccg,4,37487.3,0.281689398897371,19,1,0
50,hpccg,4,37494.05,0.278772932876203,19,2,0
50,hpccg,4,37637.5444444444,0.275686272333638,19,3,0
50,hpccg,4,37811.85,0.274704500295089,19,4,0
50,hydro,16,38181.025,0.963838286478917,20,1,0
50,hydro,16,38340.646875,0.953891817683927,20,8,0
50,hydro,16,38200.1854166667,0.944461325222007,20,12,0
50,hydro,16,38087.79375,0.943962613458529,20,16,0
50,hydro,28,37239.6333333333,0.955243677105809,20,1,0
50,hydro,28,37918.1285714286,0.856377832347394,20,14,0
50,hydro,28,37751.3111111111,0.850316786237039,20,21,0
50,hydro,28,37760,0.846669521383242,20,28,0
50,hydro,4,37576.5666666667,0.859291438368014,20,1,0
50,hydro,4,37577.15,0.857872163696675,20,2,0
50,hydro,4,37710.9222222222,0.85756239596904,20,3,0
50,hydro,4,37889.7166666667,0.847046460507057,20,4,0
50,lu-mz,4,37132.2,0.677460850077861,23,1,0
50,lu-mz,4,37202.9166666667,0.673626443050709,23,2,0
50,lu-mz,4,37159.3444444444,0.669832933845696,23,3,0
50,lu-mz,4,37173.5833333333,0.669258431341089,23,4,0
50,lu-mz,16,33523.74375,0.344056193089777,23,1,0
50,lu-mz,16,35595.81875,0.34238294826607,23,8,0
50,lu-mz,16,34403.7587962963,0.342774527250077,23,12,0
50,lu-mz,16,35618.9465277778,0.342155476237394,23,16,0
50,minife,16,37805.6,0.543696879495366,27,1,0
50,minife,16,38166.725,0.524393034492344,27,8,0
50,minife,16,37945.7333333333,0.518016546719431,27,12,0
50,minife,16,37894.646875,0.527094169011867,27,16,0
50,minife,31,37748.45,0.513854676109815,27,1,0
50,minife,31,37747.9607142857,0.49983449104834,27,16,0
50,minife,31,37722.7303225806,0.50395256283563,27,24,0
50,minife,31,37766.2822580645,0.507770335743438,27,31,0
50,minife,4,37675.325,0.3567459682213,27,1,0
50,minife,4,37647.45,0.354102342245846,27,2,0
50,minife,4,37644.55,0.352024970994091,27,3,0
50,minife,4,37726.3375,0.347978706959677,27,4,0
50,sp-mz,4,38167.6,0.693437460535293,33,1,0
50,sp-mz,4,38165.8166666667,0.690551018923257,33,2,0
50,sp-mz,4,38077.0555555556,0.687790618187482,33,3,0
50,sp-mz,4,38180.0583333333,0.688593564581902,33,4,0
50,sp-mz,16,37639.375,0.717584807166795,33,1,0
50,sp-mz,16,37680.690625,0.713526841587831,33,8,0
50,sp-mz,16,37657.0708333333,0.71211562062581,33,12,0
50,sp-mz,16,37630.1359375,0.710246340096525,33,16,0
50,sp-mz,31,38228.8,0.733700152091045,33,1,0
50,sp-mz,31,38254.2145833333,0.731964521719267,33,16,0
50,sp-mz,31,38268.0597222222,0.731274687196062,33,24,0
50,sp-mz,31,38150.3043010753,0.729443930967814,33,31,0
50,streamcluster,16,37630.3,0.734044512166147,37,1,0
50,streamcluster,16,37712.8625,0.653053774504944,37,8,0
50,streamcluster,16,37734.8083333333,0.655859592254541,37,12,0
50,streamcluster,16,37712.4286885246,0.63303841348913,37,16,0
50,streamcluster,31,37600.1285714286,0.734358002870535,37,1,0
50,streamcluster,31,37638.3875,0.688340245866778,37,16,0
50,streamcluster,31,37626.1976190476,0.672595591602488,37,24,0
50,streamcluster,31,37650.6028225806,0.656311598519631,37,31,0
50,streamcluster,4,37551.1142857143,0.65423756734608,37,1,0
50,streamcluster,4,37616.975,0.691674514277239,37,2,0
50,streamcluster,4,37582.5904761905,0.656742400882492,37,3,0
50,streamcluster,4,37590.6428571429,0.640079388458976,37,4,0
50,streammpi,16,37716.7,0.318300340992546,36,1,0
50,streammpi,16,37726.6625,0.315999605502389,36,8,0
50,streammpi,16,37694.7916666667,0.316632755758714,36,12,0
50,streammpi,16,37696.20625,0.315748254787999,36,16,0
50,streammpi,31,37741.6,0.323342187190773,36,1,0
50,streammpi,31,37771.4166666667,0.321688613872178,36,16,0
50,streammpi,31,37771.8111111111,0.320533023199004,36,24,0
50,streammpi,31,37786.7494623656,0.31991255737778,36,31,0
50,streammpi,4,37438.1333333333,0.318714975620458,36,1,0
50,streammpi,4,37479.6833333333,0.316545363336416,36,2,0
50,streammpi,4,37761.1222222222,0.316024507010068,36,3,0
50,streammpi,4,37698.5666666667,0.31615686254158,36,4,0
50,amg,16,0,0.742591360708451,1,1,0
50,amg,16,0,0.742591360708451,1,8,0
50,amg,16,0,0.742591360708451,1,12,0
50,amg,16,0,0.742591360708451,1,16,0
50,amg,31,0,0.746006154676811,1,1,0
50,amg,31,0,0.746006154676811,1,16,0
50,amg,31,0,0.746006154676811,1,24,0
50,amg,31,0,0.746006154676811,1,31,0
50,amg,4,0,0.742626080677704,1,1,0
50,amg,4,0,0.742626080677704,1,2,0
50,amg,4,0,0.742626080677704,1,3,0
50,amg,4,0,0.742626080677704,1,4,0
50,bt-mz,4,0,0.936131720075619,6,1,0
50,bt-mz,4,0,0.936131720075619,6,2,0
50,bt-mz,4,0,0.936131720075619,6,3,0
50,bt-mz,4,0,0.936131720075619,6,4,0
50,bt-mz,16,0,0.937898537536638,6,1,0
50,bt-mz,16,0,0.937898537536638,6,8,0
50,bt-mz,16,0,0.937898537536638,6,12,0
50,bt-mz,16,0,0.937898537536638,6,16,0
50,bt-mz,31,0,0.943535640355331,6,1,0
50,bt-mz,31,0,0.943535640355331,6,16,0
50,bt-mz,31,0,0.943535640355331,6,24,0
50,bt-mz,31,0,0.943535640355331,6,31,0
50,hpccg,16,0,0.478724896912225,19,1,0
50,hpccg,16,0,0.478724896912225,19,8,0
50,hpccg,16,0,0.478724896912225,19,12,0
50,hpccg,16,0,0.478724896912225,19,16,0
50,hpccg,31,0,0.481679921008165,19,1,0
50,hpccg,31,0,0.481679921008165,19,16,0
50,hpccg,31,0,0.481679921008165,19,24,0
50,hpccg,31,0,0.481679921008165,19,31,0
50,hpccg,4,0,0.495241316000439,19,1,0
50,hpccg,4,0,0.495241316000439,19,2,0
50,hpccg,4,0,0.495241316000439,19,3,0
50,hpccg,4,0,0.495241316000439,19,4,0
50,hydro,16,0,0.980199321436135,20,1,0
50,hydro,16,0,0.980199321436135,20,8,0
50,hydro,16,0,0.980199321436135,20,12,0
50,hydro,16,0,0.980199321436135,20,16,0
50,hydro,28,0,0.955243677105809,20,1,0
50,hydro,28,0,0.955243677105809,20,14,0
50,hydro,28,0,0.955243677105809,20,21,0
50,hydro,28,0,0.955243677105809,20,28,0
50,hydro,4,0,0.962061490319826,20,1,0
50,hydro,4,0,0.962061490319826,20,2,0
50,hydro,4,0,0.962061490319826,20,3,0
50,hydro,4,0,0.962061490319826,20,4,0
50,lu-mz,4,0,0.841146787992576,23,1,0
50,lu-mz,4,0,0.841146787992576,23,2,0
50,lu-mz,4,0,0.841146787992576,23,3,0
50,lu-mz,4,0,0.841146787992576,23,4,0
50,lu-mz,16,0,0.566520296386812,23,1,0
50,lu-mz,16,0,0.566520296386812,23,8,0
50,lu-mz,16,0,0.566520296386812,23,12,0
50,lu-mz,16,0,0.566520296386812,23,16,0
50,minife,16,0,0.734899225964899,27,1,0
50,minife,16,0,0.734899225964899,27,8,0
50,minife,16,0,0.734899225964899,27,12,0
50,minife,16,0,0.734899225964899,27,16,0
50,minife,31,0,0.709524608399411,27,1,0
50,minife,31,0,0.709524608399411,27,16,0
50,minife,31,0,0.709524608399411,27,24,0
50,minife,31,0,0.709524608399411,27,31,0
50,minife,4,0,0.565315281897185,27,1,0
50,minife,4,0,0.565315281897185,27,2,0
50,minife,4,0,0.565315281897185,27,3,0
50,minife,4,0,0.565315281897185,27,4,0
50,sp-mz,4,0,0.831250495747788,33,1,0
50,sp-mz,4,0,0.831250495747788,33,2,0
50,sp-mz,4,0,0.831250495747788,33,3,0
50,sp-mz,4,0,0.831250495747788,33,4,0
50,sp-mz,16,0,0.846396955016831,33,1,0
50,sp-mz,16,0,0.846396955016831,33,8,0
50,sp-mz,16,0,0.846396955016831,33,12,0
50,sp-mz,16,0,0.846396955016831,33,16,0
50,sp-mz,31,0,0.856747478578824,33,1,0
50,sp-mz,31,0,0.856747478578824,33,16,0
50,sp-mz,31,0,0.856747478578824,33,24,0
50,sp-mz,31,0,0.856747478578824,33,31,0
50,streamcluster,16,0,0.817044042459456,37,1,0
50,streamcluster,16,0,0.817044042459456,37,8,0
50,streamcluster,16,0,0.817044042459456,37,12,0
50,streamcluster,16,0,0.817044042459456,37,16,0
50,streamcluster,31,0,0.869575173486474,37,1,0
50,streamcluster,31,0,0.869575173486474,37,16,0
50,streamcluster,31,0,0.869575173486474,37,24,0
50,streamcluster,31,0,0.869575173486474,37,31,0
50,streamcluster,4,0,0.829267388896537,37,1,0
50,streamcluster,4,0,0.829267388896537,37,2,0
50,streamcluster,4,0,0.829267388896537,37,3,0
50,streamcluster,4,0,0.829267388896537,37,4,0
50,streammpi,16,0,0.519463761588418,36,1,0
50,streammpi,16,0,0.519463761588418,36,8,0
50,streammpi,16,0,0.519463761588418,36,12,0
50,streammpi,16,0,0.519463761588418,36,16,0
50,streammpi,31,0,0.5222760149228,36,1,0
50,streammpi,31,0,0.5222760149228,36,16,0
50,streammpi,31,0,0.5222760149228,36,24,0
50,streammpi,31,0,0.5222760149228,36,31,0
50,streammpi,4,0,0.515851184321973,36,1,0
50,streammpi,4,0,0.515851184321973,36,2,0
50,streammpi,4,0,0.515851184321973,36,3,0
50,streammpi,4,0,0.515851184321973,36,4,0
100,amg,16,0,0.742591360708451,1,1,0
100,amg,16,0,0.742591360708451,1,8,0
100,amg,16,0,0.742591360708451,1,12,0
100,amg,16,0,0.742591360708451,1,16,0
100,amg,31,0,0.746006154676811,1,1,0
100,amg,31,0,0.746006154676811,1,16,0
100,amg,31,0,0.746006154676811,1,24,0
100,amg,31,0,0.746006154676811,1,31,0
100,amg,4,0,0.742626080677704,1,1,0
100,amg,4,0,0.742626080677704,1,2,0
100,amg,4,0,0.742626080677704,1,3,0
100,amg,4,0,0.742626080677704,1,4,0
100,bt-mz,4,0,0.936131720075619,6,1,0
100,bt-mz,4,0,0.936131720075619,6,2,0
100,bt-mz,4,0,0.936131720075619,6,3,0
100,bt-mz,4,0,0.936131720075619,6,4,0
100,bt-mz,16,0,0.937898537536638,6,1,0
100,bt-mz,16,0,0.937898537536638,6,8,0
100,bt-mz,16,0,0.937898537536638,6,12,0
100,bt-mz,16,0,0.937898537536638,6,16,0
100,bt-mz,31,0,0.943535640355331,6,1,0
100,bt-mz,31,0,0.943535640355331,6,16,0
100,bt-mz,31,0,0.943535640355331,6,24,0
100,bt-mz,31,0,0.943535640355331,6,31,0
100,hpccg,16,0,0.478724896912225,19,1,0
100,hpccg,16,0,0.478724896912225,19,8,0
100,hpccg,16,0,0.478724896912225,19,12,0
100,hpccg,16,0,0.478724896912225,19,16,0
100,hpccg,31,0,0.481679921008165,19,1,0
100,hpccg,31,0,0.481679921008165,19,16,0
100,hpccg,31,0,0.481679921008165,19,24,0
100,hpccg,31,0,0.481679921008165,19,31,0
100,hpccg,4,0,0.495241316000439,19,1,0
100,hpccg,4,0,0.495241316000439,19,2,0
100,hpccg,4,0,0.495241316000439,19,3,0
100,hpccg,4,0,0.495241316000439,19,4,0
100,hydro,16,0,0.980199321436135,20,1,0
100,hydro,16,0,0.980199321436135,20,8,0
100,hydro,16,0,0.980199321436135,20,12,0
100,hydro,16,0,0.980199321436135,20,16,0
100,hydro,28,0,0.955243677105809,20,1,0
100,hydro,28,0,0.955243677105809,20,14,0
100,hydro,28,0,0.955243677105809,20,21,0
100,hydro,28,0,0.955243677105809,20,28,0
100,hydro,4,0,0.962061490319826,20,1,0
100,hydro,4,0,0.962061490319826,20,2,0
100,hydro,4,0,0.962061490319826,20,3,0
100,hydro,4,0,0.962061490319826,20,4,0
100,lu-mz,4,0,0.841146787992576,23,1,0
100,lu-mz,4,0,0.841146787992576,23,2,0
100,lu-mz,4,0,0.841146787992576,23,3,0
100,lu-mz,4,0,0.841146787992576,23,4,0
100,lu-mz,16,0,0.566520296386812,23,1,0
100,lu-mz,16,0,0.566520296386812,23,8,0
100,lu-mz,16,0,0.566520296386812,23,12,0
100,lu-mz,16,0,0.566520296386812,23,16,0
100,minife,16,0,0.734899225964899,27,1,0
100,minife,16,0,0.734899225964899,27,8,0
100,minife,16,0,0.734899225964899,27,12,0
100,minife,16,0,0.734899225964899,27,16,0
100,minife,31,0,0.709524608399411,27,1,0
100,minife,31,0,0.709524608399411,27,16,0
100,minife,31,0,0.709524608399411,27,24,0
100,minife,31,0,0.709524608399411,27,31,0
100,minife,4,0,0.565315281897185,27,1,0
100,minife,4,0,0.565315281897185,27,2,0
100,minife,4,0,0.565315281897185,27,3,0
100,minife,4,0,0.565315281897185,27,4,0
100,sp-mz,4,0,0.831250495747788,33,1,0
100,sp-mz,4,0,0.831250495747788,33,2,0
100,sp-mz,4,0,0.831250495747788,33,3,0
100,sp-mz,4,0,0.831250495747788,33,4,0
100,sp-mz,16,0,0.846396955016831,33,1,0
100,sp-mz,16,0,0.846396955016831,33,8,0
100,sp-mz,16,0,0.846396955016831,33,12,0
100,sp-mz,16,0,0.846396955016831,33,16,0
100,sp-mz,31,0,0.856747478578824,33,1,0
100,sp-mz,31,0,0.856747478578824,33,16,0
100,sp-mz,31,0,0.856747478578824,33,24,0
100,sp-mz,31,0,0.856747478578824,33,31,0
100,streamcluster,16,0,0.817044042459456,37,1,0
100,streamcluster,16,0,0.817044042459456,37,8,0
100,streamcluster,16,0,0.817044042459456,37,12,0
100,streamcluster,16,0,0.817044042459456,37,16,0
100,streamcluster,31,0,0.869575173486474,37,1,0
100,streamcluster,31,0,0.869575173486474,37,16,0
100,streamcluster,31,0,0.869575173486474,37,24,0
100,streamcluster,31,0,0.869575173486474,37,31,0
100,streamcluster,4,0,0.829267388896537,37,1,0
100,streamcluster,4,0,0.829267388896537,37,2,0
100,streamcluster,4,0,0.829267388896537,37,3,0
100,streamcluster,4,0,0.829267388896537,37,4,0
100,streammpi,16,0,0.519463761588418,36,1,0
100,streammpi,16,0,0.519463761588418,36,8,0
100,streammpi,16,0,0.519463761588418,36,12,0
100,streammpi,16,0,0.519463761588418,36,16,0
100,streammpi,31,0,0.5222760149228,36,1,0
100,streammpi,31,0,0.5222760149228,36,16,0
100,streammpi,31,0,0.5222760149228,36,24,0
100,streammpi,31,0,0.5222760149228,36,31,0
100,streammpi,4,0,0.515851184321973,36,1,0
100,streammpi,4,0,0.515851184321973,36,2,0
100,streammpi,4,0,0.515851184321973,36,3,0
100,streammpi,4,0,0.515851184321973,36,4,0
100,amg2013,1,45087.4555555556,0.628047437792947,1,1,0
100,barnes,1,45252.3,0.929104737980601,2,1,0
100,blackscholes,1,46090.7125,0.937895794208848,3,1,0
100,bodytrack,1,46688.8736842105,0.96680193236715,4,1,0
100,bt-mz.A.1,1,45405.5,0.915673224603233,5,1,0
100,bt-mz.B.1,1,44893.2727272727,0.975878574127724,6,1,0
100,cfd,1,43492.8444444444,0.777991053831257,7,1,0
100,cg,1,39691.0739130435,0.56299078598692,8,1,0
100,ep,1,45730.42,0.984603107543539,9,1,0
100,facesim,1,44610.6928571429,0.713537547294842,10,1,0
100,ferret,1,45129.5777777778,0.901291989664083,11,1,0
100,fft,1,44785.5833333333,0.709468090542129,12,1,0
100,fluidanimate,1,44209.2545454545,0.809518514400089,13,1,0
100,fmm,1,45196.15,0.842048457330009,14,1,0
100,freqmine,1,79819.3666666667,0.937378742202191,15,1,0
100,ft,1,39740.3,0.7404461322659,16,1,0
100,heat,1,38583.4,0.586074043834358,17,1,0
100,hop,1,45797.7142857143,0.980519156992676,18,1,0
100,HPCCG,1,45408.7,0.498715253445457,19,1,0
100,hydro,1,45227.12,0.916006286153743,20,1,0
100,kmeans,1,45566.3888888889,0.995121773635735,21,1,0
100,lavaMD,1,45541.48,0.977307238063101,22,1,0
100,lu,1,37899.0147058823,0.464571006966614,23,1,0
100,lud,1,44781.58,0.856720457051218,24,1,0
100,lulesh,1,45565.84,0.754840397697541,25,1,0
100,mandel,1,46145.0916666667,0.987922634849325,26,1,0
100,miniFE,1,39455.7411764706,0.426391526896951,27,1,0
100,ocean,1,42076.74,0.404270295635852,28,1,0
100,particlefilter,1,80814.96,0.974015180896448,29,1,0
100,prk2,1,42488.6375,0.732528442071047,30,1,0
100,qsort,1,45579.3,0.975037010567155,31,1,0
100,raytrace,1,45712.3166666667,0.953299237025237,32,1,0
100,sp,1,35077.1666666667,0.440054432529252,33,1,0
100,sparseLU,1,45318.5142857143,0.966783449376913,34,1,0
100,SSCA,1,45499.2,0.855242998100141,35,1,0
100,stream,1,43031.6333333333,0.397067806963958,36,1,0
100,streamcluster,1,43376.69375,0.557720272940825,37,1,0
100,svmrfe,1,40476.675,0.422632634709829,38,1,0
100,swaptions,1,46385.1090909091,0.984929189121444,39,1,0
100,triad,1,38009.8625,0.377421124036602,40,1,0
100,ua,1,43452.8516129032,0.566660814459967,41,1,0
100,waternsquared,1,46140.0285714286,0.982106176108093,42,1,0
100,waterspatial,1,46318.3153846154,0.915884089079689,43,1,0
100,xspecfem3D,1,45036.0166666667,0.931767740956428,44,1,0
50,amg2013,1,38498.58,0.595018626929218,1,1,0
50,barnes,1,37343.38,0.900879566982409,2,1,0
50,blackscholes,1,37152.72,0.917651008759882,3,1,0
50,bodytrack,1,37726.2,0.985541504156325,4,1,0
50,bt-mz.A.1,1,38205.72,0.890103640040445,5,1,0
50,bt-mz.B.1,1,36947.48,0.923751043281269,6,1,0
50,cfd,1,36531.2777777778,0.690596808300245,7,1,0
50,cg,1,34612.25,0.42304916924707,8,1,0
50,ep,1,38218.9,0.983080239970004,9,1,0
50,facesim,1,36999.7,0.611064328341815,10,1,0
50,ferret,1,37384.2,0.844961240310077,11,1,0
50,fft,1,37810.5,0.645578027963203,12,1,0
50,fluidanimate,1,36905.88,0.74204316693423,13,1,0
50,fmm,1,37425.58,0.774536989490261,14,1,0
50,freqmine,1,39275.4,0.92483251122727,15,1,0
50,ft,1,35461.5857142857,0.669248728295994,16,1,0
50,heat,1,36925.26,0.497304553032107,17,1,0
50,hop,1,37721.0166666667,0.978568942369847,18,1,0
50,HPCCG,1,37060.3,0.409992158619917,19,1,0
50,hydro,1,36981.52,0.909377593360996,20,1,0
50,kmeans,1,37651.64,0.996809189534142,21,1,0
50,lavaMD,1,37757,0.979226267880364,22,1,0
50,lu,1,32938.6684210526,0.381807792995283,23,1,0
50,lud,1,37209.2,0.759929763730524,24,1,0
50,lulesh,1,37256.76,0.67697722788118,25,1,0
50,mandel,1,38166.66,0.990204678362573,26,1,0
50,miniFE,1,37820.6888888889,0.339571849762851,27,1,0
50,ocean,1,36624.84,0.331131236937565,28,1,0
50,particlefilter,1,37754.54,0.98151364764268,29,1,0
50,prk2,1,36851.22,0.635155733225964,30,1,0
50,qsort,1,38275.5,0.975329524782179,31,1,0
50,raytrace,1,37680.28,0.946789907569323,32,1,0
50,sp,1,32792.6416666667,0.368234595657294,33,1,0
50,sparseLU,1,38333.42,0.959869165932822,34,1,0
50,SSCA,1,38132.22,0.778280402788536,35,1,0
50,stream,1,37749.54,0.323903451855697,36,1,0
50,streamcluster,1,37624.3555555556,0.417836441092255,37,1,0
50,svmrfe,1,35362.4444444444,0.32461581373109,38,1,0
50,swaptions,1,37668.24,0.988926290621952,39,1,0
50,triad,1,34664.12,0.304942043519836,40,1,0
50,ua,1,35006.5764705882,0.475715889949467,41,1,0
50,waternsquared,1,37648.16,0.93998876544751,42,1,0
50,waterspatial,1,37716.94,0.880607796094214,43,1,0
50,xspecfem3D,1,37916.1142857143,0.935832952293858,44,1,0
50,amg2013,1,0,0.758173447936347,1,1,0
50,barnes,1,0,0.986042546389418,2,1,0
50,blackscholes,1,0,0.984415861664087,3,1,0
50,bodytrack,1,0,1,4,1,0
50,bt-mz.A.1,1,0,0,5,1,0
50,bt-mz.B.1,1,0,1,6,1,0
50,cfd,1,0,0.889584168483628,7,1,0
50,cg,1,0,0.793905591076044,8,1,0
50,ep,1,0,1,9,1,0
50,facesim,1,0,0.86764521571463,10,1,0
50,ferret,1,0,0.960589001824342,11,1,0
50,fft,1,0,0.899451938170112,12,1,0
50,fluidanimate,1,0,0.912078843186738,13,1,0
50,fmm,1,0,0.928273595284339,14,1,0
50,freqmine,1,0,0.973082118734447,15,1,0
50,ft,1,0,0.812762836639776,16,1,0
50,heat,1,0,0.726772161317526,17,1,0
50,hop,1,0,0.999530731372325,18,1,0
50,HPCCG,1,0,0.670823935252753,19,1,0
50,hydro,1,0,0.985610574530793,20,1,0
50,kmeans,1,0,1,21,1,0
50,lavaMD,1,0,1,22,1,0
50,lu,1,0,0.631835914127755,23,1,0
50,lud,1,0,1,24,1,0
50,lulesh,1,0,0.890576753859691,25,1,0
50,mandel,1,0,1,26,1,0
50,miniFE,1,0,0.609948184410355,27,1,0
50,ocean,1,0,0.576115761026421,28,1,0
50,particlefilter,1,0,1,29,1,0
50,prk2,1,0,0.86591433700949,30,1,0
50,qsort,1,0,0.997605001559597,31,1,0
50,raytrace,1,0,0.99378805321813,32,1,0
50,sp,1,0,0.592915242065165,33,1,0
50,sparseLU,1,0,0.993561317093136,34,1,0
50,SSCA,1,0,0.928325492154441,35,1,0
50,stream,1,0,0.585033463359904,36,1,0
50,streamcluster,1,0,0.677767354596623,37,1,0
50,svmrfe,1,0,0.641811952265523,38,1,0
50,swaptions,1,0,0.997965503060212,39,1,0
50,triad,1,0,0.563900260513584,40,1,0
50,ua,1,0,0.734055471899743,41,1,0
50,waternsquared,1,0,0.999577241500793,42,1,0
50,waterspatial,1,0,0.98511083326517,43,1,0
50,xspecfem3D,1,0,0.991650005880278,44,1,0
100,amg2013,1,0,0.758173447936347,1,1,0
100,barnes,1,0,0.986042546389418,2,1,0
100,blackscholes,1,0,0.984415861664087,3,1,0
100,bodytrack,1,0,1,4,1,0
100,bt-mz.A.1,1,0,0,5,1,0
100,bt-mz.B.1,1,0,1,6,1,0
100,cfd,1,0,0.889584168483628,7,1,0
100,cg,1,0,0.793905591076044,8,1,0
100,ep,1,0,1,9,1,0
100,facesim,1,0,0.86764521571463,10,1,0
100,ferret,1,0,0.960589001824342,11,1,0
100,fft,1,0,0.899451938170112,12,1,0
100,fluidanimate,1,0,0.912078843186738,13,1,0
100,fmm,1,0,0.928273595284339,14,1,0
100,freqmine,1,0,0.973082118734447,15,1,0
100,ft,1,0,0.812762836639776,16,1,0
100,heat,1,0,0.726772161317526,17,1,0
100,hop,1,0,0.999530731372325,18,1,0
100,HPCCG,1,0,0.670823935252753,19,1,0
100,hydro,1,0,0.985610574530793,20,1,0
100,kmeans,1,0,1,21,1,0
100,lavaMD,1,0,1,22,1,0
100,lu,1,0,0.631835914127755,23,1,0
100,lud,1,0,1,24,1,0
100,lulesh,1,0,0.890576753859691,25,1,0
100,mandel,1,0,1,26,1,0
100,miniFE,1,0,0.609948184410355,27,1,0
100,ocean,1,0,0.576115761026421,28,1,0
100,particlefilter,1,0,1,29,1,0
100,prk2,1,0,0.86591433700949,30,1,0
100,qsort,1,0,0.997605001559597,31,1,0
100,raytrace,1,0,0.99378805321813,32,1,0
100,sp,1,0,0.592915242065165,33,1,0
100,sparseLU,1,0,0.993561317093136,34,1,0
100,SSCA,1,0,0.928325492154441,35,1,0
100,stream,1,0,0.585033463359904,36,1,0
100,streamcluster,1,0,0.677767354596623,37,1,0
100,svmrfe,1,0,0.641811952265523,38,1,0
100,swaptions,1,0,0.997965503060212,39,1,0
100,triad,1,0,0.563900260513584,40,1,0
100,ua,1,0,0.734055471899743,41,1,0
100,waternsquared,1,0,0.999577241500793,42,1,0
100,waterspatial,1,0,0.98511083326517,43,1,0
100,xspecfem3D,1,0,0.991650005880278,44,1,0
